Day,Susceptible,Infected,Cumulative Infected,Cumulative Infected Residents,Cumulative Infected Staff,Daily Infected,Daily Infected Residents,Daily Infected Staff,Incubating,Transmitting,Symptomatic,Asymptomatic,Recovered,Residents Recovered,Staff Recovered,Dead
0,0.04428065917278983,0.04349541183677712,0.03537184144439143,0.0,0.03537184144439143,0.0,0.03537184144439143,0.03537184144439143,0.04349541183677712,0.0,0.0,0.0,0.0,0.0,0.0,0.010278942389986272
1,0.04532819923232828,0.04420435527213382,0.03537184144439143,0.0,0.03537184144439143,0.0,0.0,0.0,0.04420435527213382,0.0,0.0,0.0,0.0,0.0,0.0,0.013553401591286767
2,0.04448328633051703,0.04349541183677712,0.03537184144439143,0.0,0.03537184144439143,0.0,0.0,0.0,0.03931799721380662,0.032127374125006984,0.0,0.0,0.0,0.0,0.0,0.016778722404448006
3,0.05036482518202179,0.049569073958397616,0.041175410312641866,0.012811679793810767,0.03748612022081252,0.012811679793810767,0.009676240469812109,0.016465178471614033,0.030694073143297976,0.04100689656101234,0.0,0.0,0.0,0.0,0.0,0.019473526085899754
4,0.06114338487124764,0.06051198807427088,0.051623405311699226,0.02368712899614641,0.04060523100272655,0.017852246432947947,0.013133487293498575,0.02284394549647337,0.029846118521355346,0.04349541183677712,0.025839246635044662,0.020855549715937817,0.0,0.0,0.0,0.0217196395629104
5,0.07412290607636216,0.07352662895281659,0.06376056312023452,0.032215475114249624,0.045580572490794675,0.02084068939201231,0.015529332250942414,0.02618940405745967,0.03972214557207163,0.0463131612925409,0.034648586183631286,0.028897596285349946,0.0,0.0,0.0,0.024079427294244747
6,0.08349893455650839,0.08292333978006602,0.07309893606923738,0.03916296385282576,0.049611009385541145,0.01917286099147956,0.0164124760279907,0.02582591678872171,0.04404555608697671,0.05244873563652293,0.03864879984850409,0.03229268985107647,0.0,0.0,0.0,0.025892961310855223
7,0.09638409564805749,0.09580594333745053,0.08594721009388799,0.04615930763867328,0.05596344259341903,0.02095208796253944,0.016874855873777433,0.0279312576722774,0.05009956053665507,0.061833319168223204,0.03966262881005398,0.03271423575786573,0.0,0.0,0.0,0.028037565962563606
8,0.1102028296536149,0.10982639408100786,0.09948021065675482,0.05204491015145162,0.06392497479391293,0.01975320706085949,0.019385737200498895,0.02903699617982458,0.053923573247252,0.07236349546197637,0.043713096834185,0.033988221477435375,0.0,0.0,0.0,0.02954061014345587
9,0.1229496507380831,0.12249798674572883,0.11216775653281831,0.05937276416948368,0.07062982778240773,0.02293141621989034,0.01991282301735544,0.03174750232544135,0.05625140194004252,0.08424412188439068,0.04991267649881416,0.0377543294125242,0.0,0.0,0.0,0.030959238919496625
10,0.1373493678501974,0.1370937441851184,0.12667605070344523,0.06603760265912872,0.07886075080810491,0.02145003739167147,0.021666666666666667,0.030692360955472637,0.05937976891969989,0.09482332235511716,0.057221265918129365,0.040485529242904536,0.0,0.0,0.0,0.03292458090892013
11,0.15384929510922568,0.15324112320732264,0.14286108038331605,0.07328349384732193,0.08756201291716692,0.023628421494088482,0.023412563895228312,0.0333631098235326,0.061962814577699664,0.10963592493355467,0.06607211608934986,0.04433090602761497,0.0,0.0,0.0,0.035159795380678927
12,0.1723565803524507,0.15933515522850475,0.16156216553801614,0.08187930275851292,0.0982976980271534,0.023669732914763875,0.02614895347366253,0.03697246222478242,0.06629626078591608,0.11191047741366739,0.06568417168854616,0.041492428485467345,0.032115345170111366,0.0,0.032115345170111366,0.036879792829124174
13,0.1885336042193007,0.1634866719090333,0.17858021977502125,0.08875224482209429,0.1074305232106654,0.02194213885329909,0.024030990168706915,0.03447009119783682,0.06915036350427071,0.11406402413382409,0.06604211202377284,0.04024786815336797,0.041222558136283824,0.0,0.041222558136283824,0.0381751403578473
14,0.2042492637973556,0.1717768386083592,0.19480228933955557,0.09433286643418448,0.11716281887239709,0.019446778066743525,0.024892943953230176,0.03345437482893972,0.06989509513781582,0.12113900552117249,0.06885489813366219,0.04075027097559701,0.0436757549628117,0.0,0.0436757549628117,0.03951153200220363
15,0.22102916072294598,0.18746124324168373,0.21189148638395552,0.10151729784505575,0.12640332986832983,0.020054355566239898,0.024371478596280714,0.033339338798355184,0.0695220059355979,0.13470244522186206,0.07824495685520744,0.045501531725749514,0.04562008540316636,0.006882322745001601,0.044548946212100336,0.04121710627700409
16,0.23813637465312376,0.19957764212264667,0.2296392936873069,0.10773001790010414,0.13719681835584588,0.02045466678764026,0.026004080683850607,0.0349034274713709,0.0701332636818983,0.14788091413284124,0.08536795468844084,0.04870814596639338,0.051626973031007196,0.014693089766515649,0.04639729204068605,0.041951864785238796
17,0.2571535804999883,0.2124392841483172,0.2504372072891622,0.11630555869339601,0.1498012162981476,0.02248876930258178,0.029481946767219856,0.03840043741409196,0.07496441598294262,0.15739480335806558,0.09196053904116014,0.05163264403388548,0.060885022673774096,0.022967073964405796,0.05015068385467033,0.04337950877755281
18,0.27793065582884063,0.22336974961942593,0.2713085316006839,0.12431101410666809,0.16186406635191142,0.0230912148706863,0.027793821192784857,0.03888844701593664,0.07768130653757946,0.16402563338822507,0.0979194169315372,0.05480474030190782,0.07071859812043874,0.02954901257477387,0.05471743778721732,0.04587434419646188
19,0.30148579516236695,0.23546566645708686,0.2951085631832192,0.1342565485211832,0.17480247969324378,0.024503702402523406,0.028534000581572665,0.040588217544053395,0.08303791480579999,0.17041689446154662,0.10092217439832182,0.05716168698051571,0.08236873562589514,0.03664715560604962,0.06038083176675231,0.04832562846323229
20,0.32311791839696724,0.2479724467240954,0.31744166899323917,0.1439552816784543,0.1864583887378917,0.025123439000009275,0.026831304830718147,0.03886887945117262,0.08496782055890648,0.18033224536593206,0.10482825937677284,0.05941065245918131,0.09221105073622077,0.04102879918255422,0.0658501347017623,0.050133595296740656
21,0.3453196920097226,0.25908865457779295,0.3414173352318198,0.15517228308379508,0.19930119157939064,0.025082027591646336,0.029176210364803227,0.04085128918195639,0.08545509682619039,0.19036825121608664,0.1080381008312865,0.06144118341160935,0.10625705417317742,0.04823217123810976,0.07292662952100072,0.051412520335490736
22,0.37033756751633223,0.26969637582869954,0.3656124060141169,0.16588694185341255,0.21257733916183336,0.02565459331500225,0.0314392179359542,0.043761296267947225,0.09014857606066645,0.19678719775737755,0.1126667377436384,0.06307736324351038,0.11989683586838834,0.05472914469712896,0.0806325344114,0.0529632807623273
23,0.39228352675758044,0.27902550103929613,0.3893265135257733,0.17632318300457503,0.22595025451970072,0.027483801763208804,0.03084242622193097,0.04442379400133979,0.0922620576796729,0.20520357820590876,0.11831137553752633,0.06673483001804634,0.13477579721713953,0.06063355034489921,0.09020053290383676,0.05472866000758859
24,0.4184938614987227,0.29218058370380035,0.41659086397561335,0.18715486353002675,0.24214853274779907,0.025586826409027083,0.03213653305440331,0.04516324521907963,0.09403936623777515,0.21520057222574082,0.12118915302456244,0.06797867386247028,0.14930774863952576,0.06777480670886804,0.09844173289197408,0.0557391321322
25,0.44231238310072696,0.30186689056539406,0.44156063206743396,0.19708534606518474,0.2570017293499966,0.02812767616007704,0.031378585302967624,0.0455008387431081,0.09658121935413702,0.22257579379614484,0.12645905223388276,0.06971700266405936,0.16445342480145836,0.07422250319128276,0.10720415911582784,0.057767257647010184
26,0.468166936338183,0.3105536258918169,0.46797756570374394,0.20999451825630516,0.27051161811562835,0.02995944873605936,0.0302557665811232,0.046250384842702635,0.09747748899546428,0.2302713810027397,0.1302382355454726,0.07137145707413352,0.18253022018636061,0.08066812472312931,0.11802610372778202,0.058888299617426816
27,0.4928915114323253,0.32094914293755694,0.4944131423772586,0.22238777016805653,0.2846350226098259,0.02898040482574155,0.030900725798188866,0.04601044404220591,0.09952575735143328,0.24006146818785498,0.13589843407627766,0.07468596919096648,0.19832506859404547,0.08649207986792709,0.12736334017455894,0.06044449964668032
28,0.5186277564397703,0.33083867553420837,0.5212466768221147,0.23467542810562114,0.29879900408944615,0.02935400581960932,0.03224926379027923,0.04835586096110057,0.10116794924260329,0.24786973071233084,0.14191054436722667,0.07640480150941886,0.2141693827897081,0.09220900987160364,0.13654275126466042,0.06158102973500219
29,0.5426369420255599,0.3397598383384177,0.546631119293972,0.2464290633900216,0.3122429930145539,0.02948907603851985,0.03137794728110135,0.047044534094708476,0.10191102421650397,0.2566145261184858,0.14724551008516437,0.07815899070374327,0.23123926049785665,0.09820429258990203,0.14700539304932178,0.06285371579779185
30,0.568605054240382,0.34655744265714605,0.5731718109999173,0.25884546736610237,0.3261189009204121,0.02866308728264582,0.0322706118998756,0.046269264580765114,0.10232492066642118,0.2643038261405092,0.15116862092362937,0.07884156259227738,0.2508592461149506,0.10501918409999685,0.15971894421495889,0.06302338412801194
31,0.5968482452247202,0.35301881860077416,0.602704773536799,0.27321154541590764,0.34104695281445346,0.03143289721020045,0.0333687349546319,0.04997392713599155,0.10355336450014216,0.26862094708569023,0.1544235656810114,0.07947973344210478,0.2731291334213975,0.11328172292452456,0.17359213758183356,0.06430034630182434
32,0.6211854436119341,0.3605139127430192,0.6292223134312067,0.2855075928685358,0.35502444755024737,0.02960925037395759,0.03249823280018677,0.04808750782072625,0.10606995255412738,0.275321326512918,0.16059354372541346,0.08074834546475423,0.2917609783169581,0.1204464127250718,0.18439575047379156,0.06538157806867889
33,0.6472225591255616,0.3668009240963249,0.6558057495792342,0.2983115381170728,0.36868693230714594,0.030324223956410802,0.03421208070939952,0.04821082122597875,0.10739382400042115,0.2797302701246757,0.16460405065943393,0.08349020669883753,0.3132347618257208,0.12929372710177345,0.1968973325354093,0.06728038830633076
34,0.6726432731938774,0.37054509532264446,0.6822996972569143,0.31026547449670366,0.3827131214543517,0.029889084250899315,0.034645350341716855,0.05019884385047055,0.10781549137382894,0.28464222665865513,0.1661366196128246,0.08511533128420297,0.33573920953147074,0.13830554733785783,0.2095373615990855,0.06897435365018988
35,0.6946302543009412,0.3734287080555002,0.706251915231221,0.3216422433896592,0.3952636998162017,0.030283263960083236,0.03407979507615081,0.047568463910018774,0.10602719352018032,0.28801769597230165,0.16793343216178738,0.08745467008295965,0.3583085388446792,0.14823455900863497,0.22226820320089458,0.07053279290425749
36,0.7184275726732494,0.3760872247240002,0.7311724311844123,0.3323658617639093,0.40939868500434057,0.029937472375807753,0.03507165552153221,0.05038167636465974,0.10519905817944303,0.29348447512115033,0.1715341947833725,0.08757811328137828,0.3831950187860255,0.15925499412311428,0.23600561359774824,0.07149589262791718
37,0.7418668650407871,0.37626063847826025,0.7560436448995475,0.34341104692066493,0.4232410329492782,0.029587741286459066,0.0332551485473288,0.04873884975535918,0.10456064713327347,0.29450333820895175,0.17122061937891855,0.08710436941492185,0.4076821847515093,0.1681879847022319,0.2516011906950346,0.07317536220363814
38,0.763317971310335,0.3771775893845417,0.7796217345925195,0.35443108836048287,0.4355138991540412,0.0299975140778507,0.03474879103621418,0.050317749113765776,0.10429910019891017,0.29627584845609406,0.17279759839190476,0.09013878743915407,0.4309738675076187,0.17696607865066397,0.2661554785059641,0.0744194480915725
39,0.7870558353051503,0.37885648501277663,0.8047137647904646,0.3656759191933178,0.4493844082145556,0.0306976602747888,0.03568244998927676,0.050756045710596644,0.10524232488379828,0.29639548120928105,0.17353389874607789,0.09090116623026365,0.455289630507491,0.18764347596992034,0.28002157610277656,0.07700473185933919
40,0.8084728593863646,0.376216617047869,0.8273338626699142,0.37646739925616757,0.46134145699247525,0.03036718897372897,0.03383147304757167,0.048885844841076706,0.10449477574576713,0.29545264809655586,0.17422919333972656,0.08996148102420319,0.4819762360242381,0.1995449051446044,0.29457541424001205,0.07861905593401612
41,0.8301352634092565,0.37543381113925606,0.8498544838051063,0.38821159725624405,0.4720462972068595,0.031028273457505716,0.032348437696763994,0.04832236595046906,0.10425635898298188,0.2943582813474046,0.1732433469350476,0.09018774767023417,0.5079465727029967,0.21075372626156136,0.30933098884634996,0.07987697622801787
42,0.8514521394334186,0.37662288272992095,0.8732568651619939,0.39857353256439504,0.4848495169163873,0.03088834877571299,0.03445505987734097,0.04971184232421152,0.1064815162989019,0.29567546394650335,0.17233715819896792,0.09182347494268853,0.5312497249601832,0.22060720418549012,0.32243735026334164,0.08160903770438073
43,0.8708533180171627,0.37608134915358565,0.8939233742323773,0.408749393965382,0.49521630646636644,0.03188428464945713,0.033985452932262225,0.0494592885232008,0.10545691139114667,0.2969932591760224,0.17338123327526556,0.0922873553416499,0.5554110526784981,0.2314546332378059,0.3353805959565105,0.08328000696181262
44,0.8883101997675199,0.372802033734201,0.913638589088416,0.417733719563624,0.5058320126534352,0.031400796327641284,0.03332606527369571,0.048529899558428416,0.10430025188149136,0.29356535834396336,0.1729574088186605,0.0930276202970824,0.581743607291584,0.2431317997960614,0.34959252127431295,0.08373892886948227
45,0.9085371978294778,0.3732502642460682,0.9347439099438826,0.4276336627880803,0.5169758795727902,0.03104577007967172,0.033935565747790664,0.05003477269338273,0.10596569599983162,0.29340045642061946,0.17414132536879695,0.09326934206999732,0.6063947770434914,0.2543390499949867,0.3630587868137647,0.08476711900533405
46,0.9241912705195308,0.3663721435201475,0.9518525617443594,0.43622003498110784,0.5258911831705647,0.030560725743312415,0.03455640526943081,0.04881415595728172,0.10384005854080476,0.2894767707447366,0.1706785345676549,0.09237368075862788,0.6336557666672264,0.2674608575293033,0.37708870560107194,0.08603320703491596
47,0.9409947051046754,0.3645089653023445,0.9693627510602743,0.44387498239932377,0.5355749289357228,0.030691659746223857,0.032056615957187784,0.04844065954853936,0.10170112151848729,0.29064789729189544,0.17050651445464327,0.09282223315007544,0.6588699003183751,0.2784714390064847,0.3914758195818962,0.08709135378385104
48,0.9567080779142333,0.36148362952478835,0.9861671712695012,0.4521820038044024,0.5440598175615298,0.030177834609224394,0.03253697365543782,0.047499802433602085,0.10095837059200487,0.2876813942273372,0.1682718497414687,0.09461301508049842,0.6825175024430811,0.2877077523299481,0.4055765628686504,0.08783176201362704
49,0.9700968363374204,0.3576882957505276,1.0024286803854223,0.4598591582707095,0.5528948215381327,0.029151343035970074,0.033309285619906474,0.04631718127521667,0.09747551731833218,0.28819251538845686,0.16942523102805232,0.09481239048452153,0.7054350129937963,0.29738183359942305,0.41880636907140606,0.08981627337494562
50,0.9849066031949512,0.354746897606394,1.0182823154085874,0.46824101234903126,0.5604673716414496,0.03166628733769959,0.03125502962527594,0.047994734028792105,0.0974624180026482,0.28639816324115613,0.16772720833668106,0.09357649576982759,0.7282871144824142,0.30706332879047593,0.4317090822900669,0.09119232445792816
51,0.9955327646468927,0.3510488659806585,1.0311466541779701,0.47471022086510184,0.566856508563941,0.029277314787411107,0.031894721714937,0.04550928581174501,0.09801406918273395,0.2810312768689254,0.1676973506093683,0.0943415302203877,0.7518103609413871,0.31741242989311347,0.44513283774986007,0.09205494616321883
52,1.0091852510173098,0.3481176020612357,1.0463567563032512,0.48283354091055875,0.5739652211372003,0.029672621462628886,0.032397122921234436,0.04646783036961441,0.09600841950900253,0.2774615016265948,0.16491450146300898,0.09565369113959288,0.7739609418695104,0.32722193262859567,0.45737807742141046,0.0933244901430512
53,1.020447210054743,0.34429189928302395,1.0582880693070473,0.48906635736053444,0.5797820825648748,0.029074754364247713,0.03268313306871279,0.04653726159451926,0.09489335460794264,0.2739386087453928,0.1596272403315169,0.0930402466005303,0.79724776575416,0.3382052953781502,0.4694519103125432,0.09489259509890435
54,1.0334259141903304,0.34120219509542715,1.072207941058482,0.4959091548760619,0.586789871549734,0.02960101721597115,0.0321021735954055,0.04662133147550109,0.0968975393554095,0.2717650294486604,0.15836849617452511,0.09176489413602457,0.8178724713421888,0.3488884451327489,0.479424680240832,0.09605832708413259
55,1.0415171996069374,0.33623403207338237,1.0816563208322671,0.5013593373870534,0.5906437539194367,0.031081603338085153,0.029832884557162775,0.046211757449014276,0.09470696071782901,0.27010237187276104,0.15710218679922028,0.09037816225290383,0.838525135820867,0.3575401165392982,0.49119404576052283,0.09740101620598195
56,1.0494946736739876,0.32710578440956095,1.0914865747882303,0.5061485378249575,0.595656144299916,0.026390385606361505,0.0315797606273588,0.04256463024328707,0.090601725550194,0.26465283887599833,0.1549947721033822,0.08840687063104753,0.8581863946066075,0.36600447849483797,0.502417051754709,0.09905951639185298
57,1.05797456546988,0.32281591366305673,1.1001428153718107,0.5099853341430918,0.6005026389778978,0.027509212216215075,0.03143386848747841,0.04457675500849167,0.0905481859231535,0.26095381946983626,0.15387674630382933,0.08640524212028958,0.8791733166564604,0.3756625058723832,0.5136305358205715,0.10116921572400475
58,1.063497574558161,0.3202132672712618,1.1086992581602304,0.514571432124597,0.6044312310868071,0.03039135789389205,0.028935052051745774,0.04399097869116129,0.09211621136584155,0.25722417319388025,0.15478872875810612,0.08598717226304047,0.8962183681242889,0.3827849256427156,0.5236335198047037,0.10223018150238221
59,1.0693118477917598,0.3143968899407314,1.1159625766451455,0.518936604219821,0.607328256885526,0.027119263530827206,0.029593914911680744,0.04300419003260451,0.09008273363358207,0.25154639052585626,0.15232936432361044,0.08365465977518588,0.9148216343214796,0.3916540615184578,0.533282233850839,0.10280447344235445
60,1.075222796941668,0.30980317785492295,1.1223243572884636,0.5232099269199961,0.609453950777348,0.027895396630145862,0.02816539169422803,0.0420694763556767,0.08910966014709927,0.24802301388261416,0.15023171625382092,0.08256517430495747,0.9310686810804502,0.3984483807372194,0.542783534168977,0.10396961421819685
61,1.0804235831927766,0.3093575052686876,1.128371923701666,0.5267886390861807,0.6119568368522165,0.0258581446287943,0.029577454688086764,0.04115762323008886,0.08686025387772998,0.24907391034151452,0.15075077710180068,0.0822281306212507,0.9458448744516864,0.40475659216237464,0.5513236697157023,0.10482988746204637
62,1.0867649502339762,0.3058920216823723,1.1352832541119713,0.5305823042484376,0.6150372523854322,0.026948584865002213,0.02821843865773371,0.04210649542477927,0.0868551369512179,0.2445637082794735,0.14914315163519803,0.08191916594881658,0.9605514161267075,0.4117141782408818,0.5591599268758659,0.10578838396620956
63,1.0897764507974619,0.30535990023031623,1.140659470669502,0.5326718110227519,0.6181787119595108,0.02740697250960314,0.027768454891964858,0.041942033023378046,0.08906048939215848,0.2421222298224064,0.14805869571685878,0.08198576501848151,0.9760014256048926,0.41941283137634594,0.5671711268101428,0.10691330344935776
64,1.0935453376085535,0.3055358426619554,1.1449362877920777,0.5356332457698775,0.6196684500504992,0.028466020345568405,0.028548537948886614,0.04321304626345344,0.08928814239512643,0.24218119400715393,0.14813817846834731,0.08053522162334889,0.9892295482339268,0.4265993565525047,0.5730671041910415,0.10779357798800193
65,1.0948901604560446,0.30229175361611227,1.1483868652994915,0.5380068469521251,0.6209066927656047,0.02533015232122809,0.02743267306610042,0.04007580404770528,0.08637279235534336,0.24015150164790508,0.14581513314143033,0.08037374533352877,1.0018129711823607,0.4332363936383609,0.5792095671885287,0.10902496247393274
66,1.097467635153862,0.30093958801665766,1.1513872031126156,0.539866086535718,0.6218762586568819,0.027556548466079047,0.02903132476856366,0.042612848471498065,0.08700046022912801,0.23722178267219513,0.1431271510978311,0.08043046723760879,1.0136576013293308,0.43842848737113166,0.5858754697596292,0.11035546805360091
67,1.097261811731131,0.29692929462416806,1.1533751554673135,0.540744097683164,0.6230612372032988,0.026443340376175063,0.028566537190339452,0.0419311605160437,0.08608627560097397,0.23486771136501894,0.14154925712342045,0.08043594309101461,1.0243939588766535,0.44399582350658584,0.5909519635496808,0.11150429681500264
68,1.0988499725905545,0.29764488316864524,1.1556085440611397,0.5427533991162582,0.6232705553651522,0.02632202212689688,0.025968314411092482,0.03919958682955227,0.08637752645843176,0.2358757328793307,0.14039977242181018,0.08017445942408308,1.0341383626735607,0.44909443306481744,0.5956071413833677,0.11214547519899146
69,1.1006682181868095,0.295261605047821,1.1573204351386825,0.5443834386976962,0.6236008033685989,0.02513658385397363,0.0262614672983949,0.03811513824930672,0.08299715373148363,0.23514413401946427,0.1426845572684125,0.07792590998793307,1.0459812942246471,0.454322704825678,0.6021428235725973,0.11356166717802384
70,1.0998695909593632,0.2917921291718587,1.1586744765215735,0.5452281520040374,0.6241869538474457,0.025121904985691477,0.02551876186665817,0.03805942090362805,0.0792940827019996,0.23533164041620283,0.1424417974671257,0.07709113465920087,1.0532864835439675,0.4575715055405905,0.6062949650001924,0.11507211909316954
71,1.1002247017743214,0.28850392287369947,1.1593222067134652,0.5450059591376001,0.6249276226360405,0.02494951860213897,0.023670050090172416,0.03654441810310426,0.07872688182521852,0.23396905033896367,0.14001972905460333,0.07605053375015644,1.0611456172557192,0.4622441396541926,0.609714890951704,0.11572228673703112
72,1.0996009377143248,0.28871269286094614,1.1608150117445466,0.5459097484506513,0.6255649986752517,0.025032431416516905,0.025942089198674655,0.038815688292978365,0.07825573435832009,0.23325437531502727,0.14006969522176996,0.07732224602098499,1.0678797887605342,0.4658939290795204,0.6127187513600905,0.11617650787048552
73,1.099944989069444,0.28533524177745767,1.1609082961509374,0.546784225256169,0.6246680127284621,0.023529846018485838,0.025833531918252516,0.037058566315190035,0.07743991826532967,0.2292731256954599,0.14131766231324971,0.07517746771241801,1.0727646619925642,0.46883682018796685,0.6145925707556414,0.11675258955229716
74,1.097847326704744,0.2805374221832896,1.1601859361354139,0.5466666666666666,0.6240772768235096,0.02328600949579464,0.02352582547891709,0.03552042652757284,0.07742500003636184,0.2252273592691691,0.1392068157007319,0.07399103779292243,1.078313271044417,0.471727809362694,0.6171765086608877,0.11767517770306296
75,1.09784896791697,0.27640019549209455,1.16046424687203,0.547429862589222,0.6235008494856357,0.021960356492034854,0.02380162846356353,0.034727827775748114,0.07524004960833734,0.2225820607636064,0.13577794979911742,0.07281189856453803,1.084445202117837,0.4750030936098616,0.6198577737349591,0.11844388102790687
76,1.0947768061368743,0.27455057278581124,1.1579673935325143,0.5464838044704972,0.6220269073548776,0.023578697058042778,0.024136747556010578,0.03613453617669257,0.07441030098644202,0.22059377283280826,0.1336610237476478,0.0710700425703471,1.0900501310895239,0.477468193575107,0.6231520500467582,0.1197426962837956
77,1.0925634218803184,0.2711421067301094,1.1575488301986634,0.5465479655791234,0.6213784274901649,0.022341332438669256,0.022533236490720695,0.03373438911569334,0.07309171224152844,0.21811127556485596,0.13069460999245947,0.07149928774574016,1.0943640055194508,0.4799246520774607,0.6251378834892134,0.12058495649015151
78,1.0931162308254756,0.2668188454669128,1.1574880118158881,0.5464776562942248,0.6216439537268944,0.02273842641952244,0.021652802216892014,0.03333399398744703,0.07305006031011414,0.21441924963634826,0.1280233806223925,0.07063781353284304,1.0973511464151018,0.48244297821320525,0.6258336414309691,0.12094257358807156
79,1.0891660105780931,0.26405705089265485,1.1555672575348814,0.5458257613577447,0.6203308870348223,0.020408221272210262,0.022393670455655018,0.03387168863950086,0.0725539804564855,0.21130855947478158,0.12616416446993337,0.07104239594792691,1.099595957736418,0.48367681592387934,0.6268722555870733,0.12128074876096379
80,1.0864427098387481,0.258341294074765,1.1537508899741382,0.545852242526007,0.6184905832764163,0.020344972792262907,0.020894031697127308,0.030891913348161368,0.0702804050595565,0.20703371454659011,0.12555604453916316,0.0682220950591101,1.1021921876962377,0.48525519946581575,0.6278863083522496,0.12168927347666794
81,1.084213760509651,0.2550406962756273,1.152099357229631,0.5450363874675376,0.6178218957716657,0.020603288463143344,0.0210723525987025,0.0316884072675664,0.069312049170113,0.204464619875373,0.12421557272946299,0.06652089167343617,1.103771598992628,0.48684277943900106,0.6280406627552663,0.12276232968459662
82,1.0814906106577815,0.25264818841049924,1.1501098694088803,0.5443825422920471,0.6166068139122068,0.020790171505575206,0.02104801698543165,0.03192268876611208,0.06975647615788777,0.2010097034993607,0.12316869134048039,0.0647556429455634,1.1048054063888293,0.4873353052054608,0.6283696041020438,0.1229039844325211
83,1.0800515151025323,0.2499662419650344,1.1479048486444954,0.5435199839683662,0.6153987606703759,0.019777516278596512,0.019903571341650026,0.02971521485693809,0.06809861541486303,0.19932084637538494,0.12210892510209724,0.06291891440409465,1.1056540425747385,0.4880783999774263,0.6289339145481573,0.12432800751823159
84,1.0767793505494845,0.24798656483030757,1.1463474619431506,0.5426683046658326,0.6145365784119007,0.019612844354240506,0.020181756695176547,0.031332103355834584,0.06647070297773564,0.1973033390685713,0.12028650732249167,0.0626490215398445,1.106310590260313,0.48861502703523624,0.6289963079028011,0.12521718469660362
85,1.0754634711033555,0.24598750751583676,1.1446528863503689,0.541569083379094,0.6139916618006801,0.01882363751588224,0.020451265346042875,0.03042230294564362,0.06563331266766696,0.19474168614943316,0.11811599124330029,0.06159533249350137,1.106458064478021,0.4886231181100129,0.628925311183329,0.12607179739377913
86,1.0721281312090127,0.2438652194250858,1.1422158539685296,0.5401556888232949,0.6129447783457342,0.020292530319967163,0.019548840302103788,0.030746468827254705,0.06818034584511551,0.19049378962024952,0.11661453575755447,0.060190022751605926,1.106672231253422,0.48881357766914957,0.628821131177233,0.12705078079610885
87,1.0698333830403066,0.23935070453157176,1.1402165288806914,0.5392798334248545,0.6121015105840365,0.017710721884487645,0.019567674718624438,0.028009704452984573,0.06330338315065252,0.189457895835181,0.1143647817437838,0.0596686211030919,1.1065693198619142,0.4892588458252117,0.6283400442524821,0.127872304766616
88,1.0668884149197093,0.23726314041122737,1.137293513802192,0.537532608597195,0.6109057454549186,0.018285249529343326,0.019013692974288836,0.029090294691619153,0.06255896917808529,0.1897540450098432,0.1113322678915411,0.05959838897124626,1.1055154070908806,0.4894650212293081,0.6270145223287984,0.12802307959469225
89,1.0637697354456228,0.23318172680919427,1.1348964225381495,0.536920480706969,0.6091945148776021,0.018141226642763273,0.01822929804757461,0.027538307107706505,0.06136060726658533,0.1863038919081943,0.10929933826581636,0.05908545583382674,1.10514363702573,0.49005637966998783,0.6259154144979225,0.12849167331041383
90,1.0616643774047665,0.23034787636126397,1.1326138256608373,0.5362308826984507,0.6076958435255571,0.018788081115217486,0.019239156560128753,0.028633964166770623,0.061055120405480556,0.18398950007034678,0.1087556287590982,0.05860089645274265,1.1042185334296692,0.4897199859763379,0.6253637051858413,0.12863328310169775
91,1.0576637516770686,0.22890608116429323,1.1296136055740025,0.5347243038062522,0.6061467296437868,0.016456908270687718,0.01788350692173713,0.02680069546256733,0.060933807766534086,0.1819330196078316,0.10860914762093912,0.057486134464370245,1.1027346619811744,0.4892343295694092,0.6245388416782136,0.12861298651497172
92,1.0565224823711779,0.2274502882689614,1.1276862241865953,0.5339721549502955,0.6050192329771611,0.016913339737055513,0.01771298251988495,0.026620662269366248,0.05999598752015438,0.18114749077316367,0.10799172752212649,0.05692711741074457,1.1014416974188024,0.48863667668504157,0.6238652730188456,0.12922204663809245
93,1.0533215830682277,0.22527497156322718,1.1262700756405115,0.5340023731544032,0.6037449353385476,0.01768368493026023,0.017007770702366146,0.02616217612239967,0.05808204993390406,0.17979921790363484,0.10705804699052485,0.055108265450120285,1.0997449881854608,0.4884559962373891,0.6223588044540558,0.12953891821121302
94,1.0501612970157248,0.22186978433577023,1.1237660673708627,0.532881030993967,0.6024098078356432,0.015205466326496083,0.0166095116085897,0.0250799522328892,0.05862252639216942,0.17582375548540932,0.10735990941757613,0.05264856951401312,1.0978979054587956,0.4881547603681337,0.6208431865312386,0.12927417302698868
95,1.0475804388092478,0.21809990272250826,1.1214830717760658,0.5321243795912337,0.6008021256571869,0.015978463984729924,0.016373518012085617,0.025150279054844234,0.054328699667925126,0.1751608898622559,0.10638652684007074,0.05236889822691997,1.0956680119417523,0.48679371310558145,0.6199975451209109,0.129661725899215
96,1.0457212649477698,0.2154360315353114,1.1197681799268888,0.531337209529156,0.599928069595588,0.014503597979617141,0.015473701413541475,0.023527803925516667,0.05240291084534394,0.17495260047342084,0.10569049853927968,0.050915925125950834,1.0941560475802603,0.48669920393926586,0.6188364554214292,0.13009059367441816
97,1.0438194878057812,0.21006552912490553,1.116853702681418,0.5299144131699809,0.5985314351634999,0.014798445661419782,0.015576476707735503,0.023753804816139312,0.050506454061851364,0.17063954364054615,0.10380534933494781,0.050892927702089315,1.0919657802629466,0.4854977436189164,0.6178487777054448,0.13015871961682896
98,1.0392386597851295,0.2060652661024994,1.1136643535160369,0.5284330586720493,0.596907878164642,0.015956773440098052,0.015685567794537662,0.02420696133299215,0.0509842956055921,0.16658197247467554,0.10157145642728946,0.05129400622953013,1.0902185503317616,0.484495956982442,0.6169403458928508,0.13060370717681918
99,1.0379822532963452,0.20290768967816503,1.1118694067099686,0.5274983350622953,0.5961034426291416,0.013803678551079838,0.015354046591916633,0.02211083193570267,0.050972042819070425,0.16378290765779208,0.10028226429699585,0.0499158450954363,1.0880882740348286,0.48360922021594865,0.6158823483970515,0.1308690861804946
100,1.0343177094704141,0.19950172163902982,1.1096173221438108,0.5265853426778258,0.5947373172052318,0.014352072393281116,0.01558338351712624,0.023310563750848723,0.05217188808070785,0.1595421878680047,0.09840039958576714,0.0488239980212885,1.085822723093409,0.48262127833146595,0.614773980457084,0.1307942014124599
101,1.0312801766749922,0.1952972222152814,1.1072958408117854,0.5254240253418246,0.5935049107455465,0.013005542823894132,0.01380367855107984,0.02104991921835091,0.049460391530297555,0.15647389584234195,0.09543063977050037,0.04889862038007898,1.0833115613427833,0.4815474680277781,0.6132365041401319,0.13115188453398915
102,1.0287200634618578,0.19114217570000436,1.1050880596674726,0.5236971813345359,0.5930108437970262,0.014268657771304021,0.01261408399825826,0.021123948996842924,0.04826150819414135,0.15362218516794954,0.09075300054051716,0.04837059762618935,1.0804854278331382,0.48040181296691825,0.6115593870458403,0.1316765495967817
103,1.0255105147270875,0.18811795332812964,1.1022739763411449,0.5222872581060924,0.5915753547946369,0.013878891296628261,0.015486763375213037,0.022888313063108755,0.04892207445897373,0.14897011813144306,0.08704937445837042,0.047910065480798236,1.0776785193140817,0.4793473373972884,0.610161021757759,0.13186418453531332
104,1.024301412858727,0.1864809216357913,1.1003645546604783,0.5213079329541811,0.5906431438045509,0.013325485678524764,0.014093602436198832,0.02154911516430232,0.04743172744871062,0.14911517473193442,0.0867012174141811,0.04814391796309101,1.0759141393416274,0.47877439459616145,0.6087892084295682,0.13258791255070937
105,1.0204454384693447,0.18062314558417122,1.0983509050894031,0.5202905940936298,0.589648455693137,0.014627815044393097,0.01182183385756016,0.020977107499344116,0.04692881112188241,0.14415067956280475,0.08248405676019832,0.04657432949778416,1.073883625930688,0.4780922622373334,0.6075024693367511,0.13299114874925191
106,1.0191900251215704,0.17626960876729422,1.095456548225008,0.5186404765769289,0.5884614200122577,0.012579118976869334,0.014164908917626144,0.02097102247826233,0.046943153490787766,0.14035453464493192,0.08086147152740654,0.04652030888912002,1.0712722250577489,0.47699093424440614,0.606088890133075,0.13296983483849628
107,1.016010746417988,0.17276645579581776,1.0934665885065626,0.5179584152419187,0.5871847153067677,0.01296175169516092,0.012176710240137618,0.01968091304635886,0.044486841639737464,0.13820347390785878,0.07868284431812306,0.04494435442850409,1.0687358234195485,0.4763225789307066,0.604322696844924,0.13281514922577117
108,1.0130029684132293,0.16981834196949772,1.0909805858211403,0.5169662707809138,0.5857149246629908,0.011682143316723712,0.012529804307968899,0.01896920743813064,0.04309242342868358,0.13607728696600335,0.0768679626612003,0.0441491579551428,1.0666903295986419,0.47581533837848927,0.6027793144276783,0.13276349326959255
109,1.0099143582556944,0.16660647261351139,1.0889488438786206,0.5162675383666603,0.5844641840030768,0.010358150959089723,0.012186365639825005,0.01722415953455122,0.04016761677567437,0.13471125462307193,0.07620891548105642,0.04428007141733994,1.0648384177216073,0.47504856819291874,0.6018959168283954,0.1326249009966242
110,1.0094170708001835,0.16530435423644935,1.0876165449039237,0.5158723905418114,0.5835941930675649,0.011670998766695688,0.012028661134502404,0.018427793779603234,0.03984328660499141,0.13412969385924498,0.07750524539063833,0.042763591111186224,1.062847512974385,0.4741094850388503,0.6008784618589069,0.1322544904729146
111,1.0077569970807274,0.16331701824503303,1.0854506317995647,0.5147153153500058,0.5825775447059349,0.011790250633892819,0.012727961384330211,0.01948886389238264,0.04135439742259807,0.13016313780192318,0.07740172496157322,0.04088352311705123,1.0600360727236955,0.4729151295102745,0.5992912196636674,0.1322799190239281
112,1.0045982369174344,0.16124289215425983,1.083071070125568,0.5137317893135982,0.5811985743124142,0.011950808417082997,0.011564157112808945,0.01766190654892452,0.041997187569690474,0.12681937609905733,0.07623744583961446,0.04041124928864572,1.0573238921034618,0.47175364598750325,0.5977815878954678,0.13327890781090335
113,1.0023185209390364,0.1584468883140859,1.081260546014867,0.5130207503505977,0.5801617806195887,0.010884368124492552,0.009705936595981101,0.015977461603123296,0.03945961303739636,0.12658856055609316,0.07489090497281795,0.040387995619864454,1.056124954216554,0.47104565384685165,0.5972354654583075,0.13372315013071176
114,1.0002360877469036,0.15538566119080519,1.079198178143249,0.511840924635899,0.5792962179300916,0.012015630461002675,0.010677734498198296,0.018496841166348737,0.03917241987008817,0.12406597989524512,0.07175545167333869,0.03944053188733077,1.0534103062308027,0.46984690284401376,0.595681889025437,0.1338422569659887
115,0.9984454739064945,0.1518821490076671,1.0772236791190837,0.511209364168942,0.5779518139942977,0.010719090395126765,0.011442461707601645,0.016506467322339555,0.036806666933189305,0.12218530291425499,0.07036691340752771,0.03869233899749532,1.0506162808416637,0.46829252491246204,0.5943666778578253,0.13411809595898558
116,0.9958065729501543,0.14801766187934542,1.0754117674032908,0.5104585310403892,0.5769374592031894,0.009547887837745172,0.010000800768739273,0.014872666075596406,0.037880535040241116,0.11825270695718854,0.07076696944171033,0.03760071560241659,1.048518454749343,0.4671990003263127,0.5933976379770624,0.13486504209608796
117,0.9944315109800324,0.14563716965522636,1.073528661838047,0.5096407486580058,0.575884205042661,0.011493785586442228,0.01131936959941357,0.018036083286021395,0.03705748584641513,0.1169841197953136,0.0689662260845143,0.036281128983540745,1.046068606990254,0.46576181688720475,0.5922622303925429,0.135170433327877
118,0.9922616702373533,0.14169427747184524,1.0720016733138003,0.5086970342676206,0.575336520752952,0.008962104625550816,0.009211941155905191,0.013719775225280924,0.034484259658055065,0.11561385108438592,0.06649857939130023,0.03609795093993651,1.0445976906614984,0.4651288680181697,0.591444884203973,0.13558062585084235
119,0.9895101623335465,0.1392191544758586,1.0698954843101953,0.5077269913030995,0.5742865739933932,0.009228009327918786,0.010330087642934627,0.01570597585881494,0.033898157547056815,0.1117697072889943,0.06669942138289367,0.036160566734864466,1.042183929708832,0.4640574407423162,0.5902145306515184,0.1362843990977597
120,0.9877121297479602,0.13807628710629882,1.068215268033021,0.5067348213604224,0.573611954787097,0.011093559711249906,0.009695875927940188,0.016432468652823475,0.035676165556135495,0.10936892411266358,0.06598373931396927,0.03487657344658984,1.039847709166231,0.4630409949053787,0.5888826145623028,0.13668232533161725
121,0.9849434057409149,0.13695156344755882,1.0661890029399057,0.5058189961407705,0.5724820824573769,0.009116694253626921,0.010241087826978143,0.014554306160989874,0.03665371051468725,0.1075586577866462,0.06513150630158275,0.034017012760634305,1.037421649899249,0.46205656717686777,0.5875321821526589,0.13700966260686745
122,0.9827475605504029,0.1353933615889729,1.0649641367729774,0.5052685695027223,0.5717850795335404,0.009474215574957156,0.009120481521453961,0.014309289142223515,0.0346658437185758,0.10684114858532283,0.06450767582420126,0.03289994538607027,1.0356143375098938,0.4617556911596416,0.5860285218557442,0.13735232674280282
123,0.9816652803897684,0.13151690269959862,1.0636360433121061,0.5049345996759877,0.570833558010521,0.008815992384395628,0.008680688587569211,0.013529747006284117,0.03229462715287085,0.10498333439408608,0.06302179580705985,0.030609932505119446,1.0340461316606733,0.4610267298602606,0.5853276684725227,0.13805730266385338
124,0.9804834582040698,0.12720822667159912,1.062468259668402,0.5044003357440384,0.5701522468469142,0.00828883011677189,0.008139856095611103,0.012760949880077184,0.029517304607149877,0.10294556225884044,0.061647704251167695,0.02849917899173945,1.0319169290929133,0.46032486678755796,0.5838448756637664,0.13836742949677697
125,0.9791716607118188,0.12415520333241983,1.0612822428548396,0.5038268129600264,0.5696730697570374,0.008206481971365462,0.008302585918431254,0.012468619268646645,0.02806026333408827,0.10077214905928138,0.0601998589950427,0.028055268633504445,1.029619736019469,0.45937059150574744,0.5825593105859268,0.1387351665816798
126,0.9771943229188066,0.12345006650026122,1.0600766474639929,0.5031668191046066,0.5691510976638559,0.009490261590971298,0.0069486893932801655,0.01263925435897034,0.028039708008915237,0.09997314954841942,0.0624328187482902,0.02803194231211583,1.028410865319843,0.45888936624250776,0.5818635761252128,0.13900632632638976
127,0.9757240739412288,0.11916062795762389,1.0588493457224861,0.5026728598243633,0.5683808369181493,0.006843817490102862,0.009720827870839732,0.013256195786375768,0.0285792892804523,0.09579189468366876,0.058699886513320254,0.027764994055372947,1.0257192383668916,0.45757455619218435,0.5805544931524685,0.13947147124516646
128,0.9736018382991783,0.11686868395463898,1.0576947069419858,0.5021670755553094,0.5677008536714202,0.0072066591383203316,0.009164496057502998,0.012411851354816256,0.029801461828694364,0.0922240167704122,0.055229786613106964,0.027234476619107564,1.0239328442185403,0.4568124742568187,0.5795117581877678,0.13946802619357002
129,0.9720848136273321,0.11710939591087732,1.0565383918123248,0.5013751569912973,0.5673156070460234,0.009070461579945822,0.007959859254996872,0.013120485781675429,0.028863681541205242,0.09231056407714255,0.055656595805498706,0.027623306229469475,1.0220846623724755,0.45622757435253697,0.578351265396892,0.13932104777941612
130,0.9715675285138252,0.11512006179910012,1.0555552192191657,0.5009916093035817,0.5667302419733459,0.00805331334643424,0.007800759697096935,0.012622334305639481,0.0296116843805254,0.09129515762517643,0.05309857303599089,0.02664486721582506,1.0204014749941175,0.4554934887770826,0.5775082984986751,0.13946810155498407
131,0.9695533165502729,0.11274142818693414,1.0540539671979636,0.5003299962076081,0.5659305862280536,0.007418222835021206,0.006443641867804302,0.010726558584143335,0.027323443607469588,0.09025994603287693,0.052002771928891335,0.027050984376834716,1.018765642547114,0.45480679878847924,0.5766911206604872,0.1399183374012897
132,0.9692286846989431,0.10933485313526566,1.0532759283213402,0.4998644450883294,0.5656524964558601,0.006538099628083587,0.007890073082884167,0.01145470253695879,0.024011988163739704,0.09002297004173511,0.05221573022071493,0.02664293238076181,1.016797519763004,0.45382008733822227,0.5756747357678652,0.14074146211816602
133,0.9670644537245993,0.10727939162704023,1.052329878494939,0.4994045343095003,0.5652107059691476,0.007683360855383147,0.007430087900301463,0.011848898530935119,0.02529814214514568,0.08691873138665719,0.05122005949327367,0.025687562181936435,1.0150036805211453,0.45284370197499535,0.5749430262934612,0.141129545271529
134,0.9657548101631973,0.10482451611707626,1.0509554787993725,0.49878622545004064,0.564418915977054,0.0071890668853949805,0.008064740543876167,0.012305585212716517,0.026517299394304222,0.08312460947698162,0.04961093876601456,0.02555106371282528,1.013334984983639,0.4521293841147465,0.5739855698834548,0.14170079433480645
135,0.9648032775464459,0.10198721680873733,1.0504227453477688,0.49871320301237143,0.5639634480804326,0.005995577282209524,0.006971700266405936,0.009902376333843157,0.025807402465610953,0.08075454350249463,0.04740910907856869,0.024894170396293984,1.0121252855222982,0.4517844233317094,0.5731571452168359,0.14192636856516164
136,0.9637278300071708,0.0997432891162294,1.0497225220854192,0.49844211353028806,0.5635352446581953,0.006982317147820825,0.006826609890905046,0.010326210855421781,0.025,0.0797637904206054,0.048592440000736994,0.023674447817836845,1.0106616426658113,0.45117946973894313,0.5722362259576882,0.14253750713738803
137,0.9625304357992218,0.09644885370693308,1.0487614464555663,0.49811994788653313,0.5628747853866116,0.005504661779010705,0.007113832062018796,0.009211941155905191,0.021535616610229267,0.07980015077720132,0.0476241436569631,0.022712812944940836,1.0093397260995343,0.45061493297250793,0.5715521742482378,0.1427775347329699
138,0.961404852437458,0.09553008425096775,1.0476746088772442,0.4974324467091376,0.5624815459101654,0.007026262759701517,0.006526760191595719,0.010903113219529451,0.020395587267347318,0.08048127879349481,0.047177290052489204,0.022456163503129362,1.008314364103208,0.4501159799378327,0.5710799912064476,0.14339886413160405
139,0.9601243741379624,0.09199585989727059,1.0470367887696388,0.4971726869817777,0.5620849495320885,0.00625612812681607,0.00475200816303819,0.008513017765250552,0.021391437389609743,0.07614899651124543,0.047499212363734784,0.02126883549617523,1.0070031212892472,0.44958882783507215,0.5704250132100587,0.14371765989524657
140,0.9597322736248046,0.08831565917579767,1.0465117609782824,0.4968081464049622,0.56189147798577,0.005219506034410081,0.0054178735084305304,0.008315837489582943,0.02080076132432829,0.072661672969446,0.04783588895664292,0.02190990744033493,1.0057392457443581,0.4490471460095692,0.5696703215679007,0.1440561980207314
141,0.958354276308568,0.08621065059652593,1.0455051396320332,0.4961733194791544,0.5615342123786152,0.007462351284058308,0.005954784585479099,0.010554164599360313,0.021512293666152354,0.06915083396342982,0.04384857691758876,0.020755596710159762,1.0046201579013143,0.4485252433184713,0.5690103441693937,0.14453972025270678
142,0.9568842414061649,0.08155136801811252,1.0447199197443835,0.4958811693683621,0.5610793607405721,0.0056835995023667265,0.005239413273588127,0.008394609548363132,0.02036808431980924,0.06527740911019785,0.040201245504836544,0.01964153226685204,1.0034002731253906,0.4480127167775424,0.5683366304625503,0.1450650711745418
143,0.9553289325511759,0.0806651465371871,1.0439996931797249,0.4955007891336118,0.560708966885269,0.005138229403345222,0.005775582858669534,0.00827450708305138,0.01985228231496603,0.0651140525527312,0.039488204799893324,0.019511450399616544,1.0026280162348042,0.44755785327936326,0.5680196390181508,0.145304884671884
144,0.9545981152095167,0.08024546925113801,1.0431975254366153,0.49506407609464,0.56034234405633,0.005775582858669534,0.005053864020879623,0.008231874863223066,0.019866521554582194,0.06473449277282209,0.03860899706874882,0.019851072138931565,1.0014182090562511,0.446938087047472,0.5674162424465767,0.1454417316223143
145,0.9537990583155572,0.07861348535766673,1.042817141972451,0.49497381251443495,0.5601354190619333,0.005514109665703559,0.005847494608222669,0.008784142596813942,0.018682425780209407,0.06371156224079867,0.0370337075580544,0.01946159689629178,1.0005607912050607,0.4466721527160743,0.5669086490929703,0.14592921001065665
146,0.9534237866326374,0.07572258520355674,1.0423769090979618,0.49475192113165506,0.5598756395233961,0.0054078873180980055,0.0045452898323054885,0.007405798123487154,0.01881342459375605,0.059634984122839595,0.036066616154011466,0.019221692783765783,0.9994661793395733,0.4462092588715553,0.5663042746894389,0.14600027424659204
147,0.9521894263767603,0.07256852065593036,1.0418951220950432,0.4945769529227604,0.5596238691075237,0.0042144705197405,0.004958183496360697,0.0069049749223786955,0.016357829274649453,0.05893066963664866,0.03398920808530652,0.019937439692736418,0.99861934268849,0.44597188467651405,0.5656580849497946,0.14640811225931213
148,0.9518021660846142,0.07008791847612766,1.0412344405368852,0.4944334367975364,0.5590931130939721,0.004089954489689063,0.006274022901086938,0.008198671734995751,0.017150310001079663,0.055660336623785105,0.030902345460417,0.01859938001485364,0.9973869342921516,0.44551092015794624,0.5649442255461844,0.14716646686310358
149,0.950145660294134,0.0697971822256934,1.0406556179231992,0.49405351924652846,0.5588758737342687,0.005608516332815254,0.003969856390319399,0.007242406537363976,0.017497919224215695,0.05594073082616426,0.032806512573988526,0.017916612542693583,0.9971057214858512,0.4455919300976715,0.5646035007977838,0.1477254948267963
150,0.9483602750069254,0.06688282524170397,1.040320471144677,0.4938703746398917,0.5587685937320934,0.004445645483365016,0.004319451082910611,0.006769107830491461,0.015216522025171932,0.05454153260386784,0.03176992805041158,0.016802569039475076,0.9961257880336125,0.44507942177963217,0.5641274597028502,0.147819571186043
151,0.9489736112848002,0.0647826194884692,1.0399235510324747,0.4935994483540429,0.5586548229552943,0.004214470519740501,0.0035838308894036615,0.00584749460822267,0.013510497160857313,0.05457987690498179,0.031195787811452644,0.016213786938494255,0.9952085389686104,0.44465423464573955,0.5636409016972296,0.14842996818518644
152,0.9479286934193984,0.0629617994357546,1.0394989918966513,0.4935175281087295,0.558317735428218,0.005069684576154784,0.004949292423720334,0.007167312632386728,0.014999632961809065,0.051397876821341,0.02930929946339617,0.016692442530607605,0.9946574397361246,0.44442208539854317,0.5633536787555109,0.14902621518649936
153,0.9476171850116107,0.0632021638356909,1.0386697578469615,0.4931403079888759,0.5578733383678249,0.0045602407607269815,0.006439368405788372,0.009978906682526828,0.017219974666866603,0.04981531456856982,0.029301357811022506,0.017639448691785985,0.9938790522848194,0.44407996015471246,0.5628857782884548,0.14881048538513864
154,0.9464111818470475,0.06325897325832675,1.0379367691419052,0.49287928135192094,0.5574077137601877,0.00562420053266521,0.0049662524768343845,0.007716121988313724,0.01673858357747693,0.049946477860312144,0.028236382439917718,0.017139129200450933,0.993285921032268,0.44366820990519534,0.5627242962887187,0.1497542832287122
155,0.9460974391490363,0.06101995111792892,1.0374788317485455,0.4925744660501645,0.5572307467334382,0.004767990534148924,0.0038530307351286263,0.007010645416019067,0.01920168494441841,0.04615028546876876,0.027480086520154105,0.014594416637776142,0.9921491979692526,0.44291169522803275,0.5623176372168359,0.14989373613374288
156,0.9445639719453083,0.060461885842567294,1.0369852044818741,0.49230390831085036,0.557005535130636,0.0031480009386767836,0.004445645483365016,0.005946373630992201,0.016007224345002204,0.04831203838644208,0.028305497720428823,0.015252167997652945,0.9915278753154284,0.44274334062260684,0.5618783420557081,0.15020673108107394
157,0.9443933686948648,0.05766180611014438,1.0365841319751439,0.49189606294087856,0.5569835739963089,0.005443310539518173,0.003451363775656213,0.006568344018330887,0.014199740583286465,0.04637333809945631,0.02648821673170215,0.013684526526930562,0.9910340076931792,0.44255274480216694,0.5616271860372288,0.15004829052504892
158,0.9437849888110666,0.05718491159487888,1.0360965626268082,0.4918116282456909,0.556605150257607,0.004665379487862244,0.0049662524768343845,0.0073368132611392545,0.0143277452617041,0.04614108798023731,0.02666298773421529,0.013701230737555066,0.9904403682822722,0.442354188663596,0.5611723571367485,0.15044825914140275
159,0.9430925190560571,0.057662153306340586,1.0355528613879297,0.4916754017649253,0.556188868152768,0.003299983316607812,0.005156121176386914,0.006857333521349464,0.014820615731158091,0.04577771946700273,0.026348780963419506,0.013597937487130314,0.9899778038178696,0.44216665449844855,0.5609394013723871,0.15079862142680292
160,0.9425273113988437,0.05502046211411943,1.035173545000194,0.4915431972011358,0.5559576538846398,0.002818500300504497,0.0029879638431426726,0.004553211145085601,0.014352037520191374,0.043034067097253666,0.026805027690892422,0.012339500122098274,0.9893174338830713,0.4419820665447267,0.5604637996076737,0.1512149793174273
161,0.9414904695769917,0.05450476832140258,1.0348686022988736,0.49129412159511326,0.5558826175412257,0.0042215899637247836,0.0038530307351286267,0.006656974937260566,0.013076199256167174,0.04381770179951238,0.02679279481229709,0.011677343891500342,0.9888256302944048,0.4418343961640307,0.5601379415050488,0.15185201359887868
162,0.9414327334396185,0.055279470147784705,1.034358882253784,0.49115458750665136,0.555508765897523,0.003717232548256541,0.004227750450756747,0.005775582858669534,0.013485282824355332,0.04402155036907375,0.026972254308872706,0.010866327672083015,0.9884546740456249,0.441644320359388,0.5599615459412663,0.15224671774151016
163,0.9400239166978487,0.054725075000714565,1.0340859779582208,0.49105752054977075,0.5553392482804369,0.0029879638431426726,0.003730135910917177,0.0049662524768343845,0.01368529456340956,0.04336080210465622,0.02671120529831045,0.01307401736001333,0.9880643046229683,0.4414214005379133,0.5598194323143819,0.15253249543019404
164,0.939712600091523,0.0537115344123488,1.0337531603804637,0.49091608101446277,0.555171943533611,0.004104612996111551,0.0034449771940998205,0.0058659534100953615,0.012999422486594739,0.043167434802492355,0.025501398418936193,0.013378901113133133,0.9876011401431309,0.4411763225146467,0.5596421699249962,0.15293647558893714
165,0.9390495050704051,0.054421003717734256,1.0334928463533084,0.49078767664188916,0.5550638439592971,0.0026377941462437807,0.0037242274191931234,0.004760426626013855,0.011663620365908692,0.0449435192204607,0.026352484768109696,0.013357298282864596,0.9873706557376576,0.4411011326319727,0.5594558023604678,0.1528600837537557
166,0.9388861796076553,0.05308938201262549,1.0330736378115266,0.49059780391396496,0.5548622090853469,0.0042215899637247836,0.004881375608148571,0.007018921944662531,0.012973986446899208,0.042193083038055613,0.025318788301201166,0.012366403192841805,0.9863873229877557,0.44084952001709077,0.5587486913632104,0.1534428352960923
167,0.9382024087369205,0.051064974607176995,1.0328055026025988,0.4904102345977276,0.5547939683768627,0.0035905280798083027,0.0028185003005044974,0.004760426626013855,0.014015542637922922,0.039185590597954637,0.024441693811935304,0.01224965526266164,0.9859127364650098,0.44063481255801623,0.5584747559675846,0.1538526230833574
168,0.9364625358662679,0.04887011651600893,1.0324984862575461,0.49034027428366983,0.5545688835903495,0.0022315868748448895,0.0035838308894036615,0.004437983291507045,0.012315464695685287,0.03861981991789307,0.022156057656787475,0.013346802506111232,0.9854161577749798,0.4403472830956605,0.5582621531427969,0.15425223743191785
169,0.9363974750239512,0.04882604820157969,1.0322557027383457,0.49023284186112953,0.5544183787887436,0.003730135910917177,0.0033060444537135205,0.005715913896453626,0.011189692096264725,0.03955426070020194,0.020329394587254298,0.01325970662646123,0.9849485385661648,0.4399890070516834,0.5581560482286063,0.15428713660095103
170,0.9352231318280715,0.050188473605827885,1.0318435249881932,0.4899353790814414,0.5542789235801098,0.0042215899637247836,0.0032999833166078123,0.0058659534100953615,0.012512256253632139,0.039938441119791834,0.021284478594248653,0.014248474269865493,0.9846562135379326,0.4398821288564555,0.5580129733962091,0.15470373054404424
171,0.934359905193086,0.046785733989164954,1.0317112983791559,0.48983545172820003,0.5542226617152702,0.002443352199329841,0.00315371938287888,0.004221589963724784,0.010907932113053463,0.037444867713988764,0.021519458336284564,0.012582301630238973,0.9840404903695207,0.43978226367083,0.5574907711881516,0.15513881542686878
172,0.9332934563553287,0.04561996472139344,1.0315864319418742,0.48977327597763215,0.5541409894929595,0.0035960995442189773,0.002818500300504497,0.004767990534148924,0.010069627470636508,0.037254044932917875,0.020073538475987415,0.013311957339482733,0.9837799158973124,0.4396692313922286,0.5573363506966038,0.1556721710031206
173,0.9342506667422338,0.04471289795174591,1.0312294571011795,0.48956782129920634,0.5540089077531786,0.0033060444537135205,0.0034513637756562136,0.0049662524768343845,0.010681249416107137,0.03660353560544143,0.01905366216878115,0.01297398644689921,0.9834046388357559,0.43955885497506136,0.5570788820991879,0.15604212618759447
174,0.9333732702738287,0.04296301689617269,1.0311407057987552,0.4894552046892518,0.5540288972779479,0.0028185003005044974,0.0026377941462437807,0.003845749574502973,0.00996972393777257,0.03522828454568903,0.01825094784106012,0.013311957339482733,0.9829290276889138,0.4394403563930227,0.556725474766742,0.156688679687916
175,0.932514192234477,0.04222300062503591,1.0307058700670093,0.48928710679198656,0.5537647789724717,0.003451363775656213,0.003983951790856897,0.005792197298914252,0.0109485556522708,0.032988243727489104,0.018415703574344862,0.012530802888124169,0.9824608028971075,0.43911609164541204,0.5565652557282783,0.1570327458948715
176,0.9324182558293268,0.041047885803399534,1.0305028360441786,0.48923984570620027,0.5536545831088165,0.0019969947390987264,0.003596099544218977,0.004341641377388262,0.011376529586188639,0.03221667136614076,0.018273612804394344,0.011560001454741847,0.9820711174246394,0.43902689623258345,0.5562988795993062,0.15688718746153105
177,0.931793702223568,0.04118561952010987,1.0303199674058712,0.48924996119011044,0.5534610285377917,0.0014135055705578234,0.0035960995442189773,0.004110461761882222,0.010904582060304282,0.03340646632004038,0.019410635558187492,0.011208283794837888,0.981998370568811,0.43902291069614596,0.5562252156190787,0.15748778493077614
178,0.9308771407931614,0.03850009424997888,1.0301792238408003,0.489207829353027,0.5533703775725394,0.0017303161543469432,0.0029879638431426726,0.0034449771940998205,0.00870096010258102,0.031832834139129504,0.018673502609304442,0.009944339590434849,0.98161173209808,0.4387955623585379,0.5560745362717933,0.15760100595198331
179,0.9306015878534247,0.03630312544281714,1.030049020670854,0.4890918541969819,0.5533734120222376,0.0022315868748448895,0.0026423440317229667,0.003451363775656213,0.007010645416019067,0.030670828154774364,0.01700685841751007,0.010478826547176252,0.9812470584872037,0.43856482200822156,0.5559325147542289,0.15837057883407588
