Day,Susceptible,Infected,Cumulative Infected,Daily Infected,Incubating,Transmitting,Symptomatic,Asymptomatic,Recovered,Dead
0,0.14160337266998674,0.141049457620189,0.141049457620189,0.141049457620189,0.141049457620189,0.0,0.0,0.0,0.0,0.028762349126466143
1,0.17355172721757056,0.16937198318160146,0.16937198318160146,0.07314024165597863,0.16937198318160146,0.0,0.0,0.0,0.0,0.047947783045620564
2,0.18093751362938487,0.18600260669401839,0.18600260669401839,0.07282884321503674,0.1645655437259519,0.09156330260447351,0.0,0.0,0.0,0.05699548094792121
3,0.19594629237357233,0.20129881301491107,0.20129881301491107,0.07159792333764037,0.15511155972265883,0.12366049972371614,0.0,0.0,0.0,0.06178326405404392
4,0.2282653072743436,0.22514641700659838,0.22514641700659838,0.08241310085125539,0.13097921802925666,0.16205747826813258,0.06730002176294544,0.05599422769673259,0.0,0.06269212893420538
5,0.2603416558635552,0.26150110570096696,0.26150110570096696,0.10087996667707458,0.13706888336846837,0.18306867950073114,0.08814015468948797,0.08236406002522206,0.0,0.07152028743756218
6,0.302533076912695,0.3010486721948845,0.3010486721948845,0.10859525446781408,0.1756258649642599,0.19551537695604054,0.12195379154715638,0.09910712498212337,0.0,0.07199186261535594
7,0.36428843051359816,0.36390141855211616,0.36390141855211616,0.12801515061850605,0.18531981638085643,0.23591643786850813,0.13395310501602545,0.11043989178267832,0.0,0.07735527379460552
8,0.4295581474261686,0.42788651379410025,0.42788651379410025,0.12615526748872402,0.23804761428476168,0.2602950928341435,0.14386792484073646,0.1252835168566065,0.0,0.08609954304833048
9,0.47173010602387133,0.46826997306763934,0.46826997306763934,0.11821910833599439,0.24510356500009864,0.3019448742249271,0.17056057308448835,0.1410637795431198,0.0,0.09480975102218595
10,0.5318881936131412,0.5284348913001812,0.5284348913001812,0.13476129288711228,0.2662041443416057,0.35,0.1897872280191476,0.15403987415043818,0.0,0.10100505037878157
11,0.589295076229801,0.58224487194744,0.5828907411870736,0.14259853938362563,0.25885528892812026,0.4091121206622058,0.22391376406414532,0.16748586552755776,0.0,0.1094476490327128
12,0.6433812197596336,0.6257593367060115,0.6483420970039465,0.14946368769501822,0.26688627321067454,0.44704529406928667,0.2549291840666519,0.16840307586144607,0.09156330260447351,0.11146408580454255
13,0.7124144463964381,0.6595070090222658,0.7126674887315608,0.14583787871704273,0.2642618841875298,0.4861475022453514,0.2729764854637879,0.17272620945977896,0.12366049972371614,0.11527744310527052
14,0.7675561375185689,0.6709400912604686,0.7696116034741292,0.1434742084308134,0.27284324133728205,0.4834639321990563,0.27117402813572233,0.18196181195542377,0.16205747826813258,0.12430006054103535
15,0.8235982888606201,0.7112061173908316,0.8258323013172768,0.15374122295716147,0.288869268953024,0.5226766773933089,0.32286595398465945,0.17356627703921212,0.18306867950073114,0.12730302669638538
16,0.8973158627683775,0.7774056829992921,0.9077199763999664,0.1874307953093702,0.2977287763089491,0.5828734117640074,0.3473478156696902,0.18185075465803535,0.1954301135775377,0.1313296415417127
17,0.9995003802405529,0.8468473918307271,1.0072885897449166,0.17915627172100254,0.346251207925545,0.6000033669939199,0.35640743907256284,0.1959669112453179,0.23513589451397868,0.13446113929235456
18,1.0741686943112723,0.9085869815434859,1.0834936944249312,0.17387735140993302,0.3376029584819386,0.6511613556647163,0.40238681826713896,0.20522468593512752,0.25908931418966846,0.13800892958959085
19,1.1485339799197511,0.9366019604523752,1.157044301291664,0.19093337988826248,0.34436297505083,0.6849397230723475,0.40536303718912503,0.2071353434473473,0.2981068210686847,0.14310764472870757
20,1.1643401044316386,0.9147826368746145,1.1834630744069916,0.1526698424970721,0.3381829043101924,0.7303596733974655,0.44280556418903283,0.21094065420387698,0.34456677527913604,0.15074227118904743
21,1.2567297629043792,0.9550900322466829,1.2737140474798396,0.19261884695434195,0.3364160483326525,0.7536704796654782,0.46199392186303045,0.2389771976781488,0.3987353746407497,0.15935159018010864
22,1.3228447308048599,0.978941914889373,1.3447075458397575,0.17249213128005392,0.3513480532825741,0.7611866068875953,0.49060980401738796,0.243708718337977,0.4510582394253932,0.16414763002993507
23,1.368282488997418,0.9818473620804011,1.3974648764130284,0.19514045705541938,0.33465646489340306,0.7838128770711963,0.4838596924938076,0.2750133146455335,0.511089151921777,0.1746685172235996
24,1.4613526320335948,1.0329109596209398,1.4907157117751637,0.21441958300434588,0.3890872509976251,0.7780388450742317,0.4752234987217844,0.29653044199593237,0.5630678951471613,0.18218372345220385
25,1.5329696538405315,1.0877327917566089,1.5683099054702039,0.19553345834749952,0.3971858074712208,0.7881675461525175,0.5225230167469209,0.28914887291336744,0.6259530107900846,0.18634983935131963
26,1.5642247248713947,1.0612261823480469,1.6050082601505558,0.181828535058764,0.33721826999165033,0.8141426673675092,0.5096433690693558,0.2869272951938744,0.692163932237811,0.1866883104335278
27,1.6491231217550346,1.0909781543795152,1.683364536164452,0.2124983660067897,0.37775920928816575,0.8670954650178638,0.5021921641134693,0.27829749360979694,0.7462363478608416,0.1950161868443569
28,1.6609827321088069,1.06874796945876,1.711806594852882,0.19720265943665388,0.3830446871100451,0.857018557605848,0.509997029106023,0.28928857355222104,0.8186333770746256,0.19811230362722262
29,1.7122718088769517,1.0691500447466755,1.7593212074863165,0.18470834230529956,0.3597136908625239,0.8685823815478606,0.552646525202305,0.2823494503646361,0.8919499691545191,0.20920967202471036
30,1.7544621323178717,1.0526656879109582,1.7977381973642956,0.1855241006424554,0.3529443255949824,0.8307207531396875,0.5427381011727908,0.283718098816342,0.9766832142563426,0.21664102412362563
31,1.7736579789414382,1.0436314802968847,1.8270412688222994,0.18606776217607424,0.34928353797307693,0.840949439381441,0.5514132439981521,0.2820183388262959,1.0499658484104533,0.22309802166923687
32,1.7932601089027262,1.0309606190247025,1.8435459354628556,0.1879823761350349,0.35297294370801147,0.8625888916277533,0.5610911087543914,0.28738458377216236,1.1041501142269898,0.22851960992705228
33,1.8205105289062693,1.025384874773439,1.8775182415824208,0.18051273773573012,0.35869572936212424,0.8489066051353495,0.5670007927594979,0.29007139490376177,1.176402665894307,0.23796061128945797
34,1.85062670247654,1.0080664560424475,1.9052304402100628,0.1592279352172079,0.3245260724767298,0.8350866403970889,0.5679121784433245,0.27855326096084243,1.210274198834147,0.2385372088375312
35,1.855274762520216,0.9731236802019035,1.913138782211055,0.17602513594611563,0.28680757636189785,0.834542153555233,0.5897260106835781,0.2679816064847388,1.2446345453646832,0.2438827338677092
36,1.8679281451799894,0.9541530699044471,1.937074749682775,0.16397523833761848,0.2899738755213105,0.7998105836365068,0.5788389633175581,0.28230472825647046,1.337084118293961,0.24417248415864146
37,1.8910784694924156,0.8919816775760101,1.957892858264835,0.15833413077949104,0.28151107411340826,0.7594329357082058,0.5245594592251923,0.29373766898683284,1.4359380842564842,0.24576411454889016
38,1.8581472253594735,0.8619358058076794,1.9328149775324426,0.19116601278586223,0.3021806269652827,0.747077808882885,0.49909412889248606,0.3096169024175299,1.4927149693755937,0.24308621740219888
39,1.85,0.8497480315786069,1.9304639103311174,0.16448266004216205,0.29413629768554855,0.733818021643574,0.4983558827370114,0.32419441729002707,1.5547593922137173,0.24760672630017727
40,1.8433105922209474,0.8399969937416142,1.9300913256249106,0.1839631056555206,0.33166857011788203,0.7022410015389478,0.46880354912987554,0.3059411708155671,1.5823087594085454,0.2611629005162498
41,1.83330578491699,0.8315125563171799,1.9234071200593363,0.16360830286900716,0.33101466292402676,0.6909545439594285,0.46453626273299636,0.30573475002645245,1.634669830438384,0.263808547046811
42,1.8281745601069452,0.8189054039423972,1.9098617010589323,0.15965872694879252,0.3158746075213512,0.6674684572428433,0.4395348781279013,0.29588934595639815,1.669724467683156,0.2627054270740165
43,1.8070289248801568,0.806836320752139,1.8879401955088995,0.16146738733167504,0.3087217046290897,0.6337406983358989,0.421487265705045,0.3019983945371735,1.7083762744048792,0.26948510575210316
44,1.7760027755006067,0.7954415583355403,1.8699581370563976,0.15792531158875084,0.3138728430689116,0.6348554277482505,0.42958754002584215,0.27004675988660287,1.737662135447998,0.2778270663342195
45,1.7362690756418782,0.7652160188832664,1.8259661895151633,0.16353111093129724,0.2873265836231755,0.6286196196927251,0.411544270849063,0.2527505257815071,1.780707781198308,0.2950158359043518
46,1.7070534007849059,0.7667299051652724,1.7970514570801637,0.17561148578436986,0.2946852455407191,0.6442119922114854,0.4508969736071432,0.262382248722059,1.7834760633904985,0.29725172137194744
47,1.6952053598668253,0.7750946504600049,1.7789123904592077,0.16643620429765305,0.32157440975628176,0.6471038821885049,0.4694839204010628,0.24090737563711836,1.7883944043343867,0.30152976970807044
48,1.6691871850052824,0.7757043068832167,1.7516387709337746,0.1212060604545379,0.30287511177601456,0.676947993466696,0.4671804530987741,0.25829862914499147,1.8169290886359086,0.29929884393328016
49,1.659452264508328,0.8047956011286093,1.746021162239994,0.14353403847875318,0.2661567093638519,0.6928319865711755,0.4781815301301126,0.25744666997028315,1.8383468638750393,0.30287511177601456
50,1.6452699265813897,0.8281682354827588,1.7258214264400578,0.16690588892419508,0.27076211184750576,0.6633942411507044,0.5026194013627634,0.25137199284701306,1.8467826240806091,0.31698548544026106
51,1.628487244982504,0.8176407301720993,1.7083857345991327,0.13473130761825644,0.2883250130171039,0.648176151391212,0.4748747841337342,0.26399418420285187,1.8608619160773512,0.3215162939459325
52,1.5832899515588013,0.7981670921998144,1.6750202772781377,0.12973944362576567,0.29020369022150944,0.6242538980999072,0.44269149254956053,0.2585898042628264,1.845882942763121,0.3246692178357859
53,1.5474511464033527,0.7908638672778372,1.6322952792886092,0.1443760521847181,0.27486635871185683,0.6287224500460591,0.44614963291422194,0.27257841055188126,1.8271518378021674,0.3198658178270092
54,1.525874811180111,0.7715418120081166,1.6026527882220651,0.12101840581272978,0.264575131106459,0.6247941075007645,0.4481161465603318,0.25756238824483646,1.819815452958976,0.3232958428749154
55,1.5118441478117801,0.7560790669999768,1.5870867791158882,0.10664298979645719,0.25268457600236494,0.6086049621881175,0.4245687056986017,0.2635633824446343,1.816092764506519,0.32158697395600744
56,1.45812214921117,0.7446638452511593,1.5426367954992783,0.1122542208605543,0.23327921450311834,0.6192729526622247,0.43009395262059663,0.2706818923915799,1.7957129081467476,0.3170954035452027
57,1.4377226661100062,0.7385188562319185,1.5164615245879323,0.10798428617445255,0.20343266326931989,0.6375291635238612,0.430760426982964,0.2557046117786077,1.7862335522070745,0.3110928926844647
58,1.4324447562813654,0.7337319853070509,1.5071211435761032,0.11127815725841386,0.21225104251924196,0.6115545682103846,0.3989012687648689,0.26285149626910836,1.764141992498611,0.31796543869109456
59,1.3851663649489396,0.706678101679923,1.4733576715390015,0.10671873729054748,0.2060303008018113,0.5895589860054701,0.38821008578741323,0.26018447224221436,1.7274737788359211,0.3174058358733573
60,1.3420006172001773,0.688282887578453,1.4280112610256832,0.11325755042059107,0.20375019365424274,0.583527240498711,0.3871731270414184,0.24139953888468263,1.6811717294311084,0.3205802819446592
61,1.3169155882844834,0.7057169146593864,1.399359160689657,0.10150384378451045,0.2060303008018113,0.5749448809769648,0.3837757657589108,0.22638797483858358,1.6727703387077995,0.32050937993491335
62,1.2915025311159045,0.6890192121758832,1.3766519919975082,0.09645745385422737,0.19089105253886035,0.5687794836402779,0.3812207928868688,0.22132749170823446,1.6456772269657058,0.3214927304894712
63,1.2907483539138498,0.6608007080486338,1.3761382799909918,0.1044465935734187,0.1912505364090979,0.5455050481670702,0.34579581760736705,0.20517299918839121,1.6301564651928664,0.32767315570503636
64,1.2573898730820496,0.6568020165079342,1.3392293879449304,0.09287223764534011,0.17816120268289093,0.541471060252447,0.3350320352540405,0.20033053494742942,1.612772254050256,0.32927683235118793
65,1.2165006113330719,0.6501312998700395,1.300705325365566,0.10188129357147943,0.19410244093199236,0.5276927097843933,0.3300612125657967,0.19507833184532708,1.592587311086693,0.3280474836287447
66,1.189243032310465,0.6244925212449778,1.2750832810986794,0.08768054965543264,0.1979082534096968,0.48708056289229484,0.31249242415059464,0.19466625155621997,1.563948641591326,0.33044047737967747
67,1.1673487183798295,0.5918734167152141,1.2572291964973024,0.08348471099367218,0.170190030450219,0.4922592730657208,0.29836422728137524,0.19,1.5290516635807276,0.3372661928632706
68,1.1508257904652641,0.5646094565129408,1.240102635048626,0.07260659179246175,0.1553458182003083,0.4831243017165364,0.27313925112486215,0.1875843244726989,1.4923816637519474,0.3447660603418445
69,1.1242681120972826,0.5403805243632593,1.2160787288442614,0.0815196574174263,0.14069093572060495,0.46739661526330717,0.2904733162869655,0.17830571862093847,1.4658592819037692,0.35
70,1.104790304158041,0.5297226261035681,1.195217321010888,0.07977240352174655,0.1522192729936228,0.4571530256805579,0.3045115313535314,0.1833581250455022,1.4468300424435387,0.34742777753953497
71,1.0917338633031535,0.5173748811807235,1.1772781482656671,0.08453676505795953,0.15288141572057498,0.4301033467538806,0.2826212084659385,0.17313216764872863,1.41835870432744,0.343791985498396
72,1.0762725613257202,0.49767134504285826,1.1576604760368117,0.08430344421831593,0.1575571084535459,0.41220765581821917,0.2732076577302039,0.16248076809271922,1.3929385405601273,0.3423197748930498
73,1.0561388606283233,0.4899762929742292,1.1338550492577402,0.0657128740672771,0.13444987049740015,0.4050738802796947,0.2590015794967633,0.15456357588351463,1.3595320050397022,0.348287295783295
74,1.0521411550267437,0.46970762451258175,1.124778317103536,0.06887259501016602,0.1386660839148594,0.39427596344887084,0.2382257650874799,0.14544949486180953,1.3309596294980308,0.35466729323252927
75,1.0290232693622088,0.46028537480852716,1.1088824112683013,0.07176701923937659,0.14459976109624423,0.37557229058404384,0.2263879748385836,0.15275252316519466,1.3243862691446895,0.35862250488515224
76,1.022279093718807,0.45665781898086844,1.0979958786329527,0.06723244767373876,0.12421470496399742,0.37604534435371095,0.23758889883259457,0.15947831618540914,1.31560141027101,0.3524803884507962
77,1.0124856901345682,0.4370886233322307,1.0777731437992641,0.07272474743090476,0.14678714060320355,0.3462278691465165,0.21633074191845664,0.14164973160809896,1.2843046304667687,0.35988073220740985
78,0.9958499745027721,0.3941491283176145,1.0624899286510194,0.059721576223896386,0.13279816841867034,0.3243937624728829,0.2150499119889721,0.13108328758018042,1.2396235987858035,0.3601009959340952
79,0.9813534253542631,0.3908602271550754,1.0492440761391657,0.06159496240715952,0.10977939310961393,0.32514021839225243,0.20305495101403742,0.13461129974932276,1.2232181433671703,0.36515390417928395
80,0.9698484730132128,0.40322437797075095,1.0408329997330663,0.060669663595639634,0.11502744512208003,0.32821986964271804,0.22293723354570028,0.13473130761825647,1.2076603141378102,0.3650086480226368
81,0.9630570013653335,0.38698393462334535,1.0385863546964287,0.05388914922357194,0.11342242487553536,0.3201309706726895,0.2044233080861595,0.12762001679544116,1.1834596603504353,0.36552991835432735
82,0.956852479051325,0.3859593844754218,1.0306044122481983,0.05978919195596705,0.12200347734736286,0.3173294499380412,0.20951844739301553,0.11950656125007608,1.164950686085081,0.3597136908625239
83,0.9553565096894774,0.37695751709837244,1.024821245807573,0.06116710015534611,0.1131504763712036,0.3034665042338597,0.2100384765136179,0.10241527663824809,1.1412380305721688,0.3545319862761741
84,0.953464708048992,0.3710141710925812,1.0238819968308572,0.06465916857498308,0.10480862791225007,0.2988192251059648,0.21033883198882758,0.0941951552508263,1.1215681662365207,0.3554538996093231
85,0.9531929330816336,0.3679042475339683,1.0177594722891767,0.04578165130223675,0.09914279060674523,0.29958051480108794,0.21385117075275328,0.09468181696950298,1.1055872793783548,0.352851300697674
86,0.9476067675246869,0.34769660523641777,1.0099879987285778,0.040339468604243256,0.09752492558885197,0.292194760010815,0.20165727501296987,0.10239061667867022,1.095129714193296,0.360493488922554
87,0.9396813343368112,0.35285130069767406,1.00173385041672,0.04893822120745191,0.0841535393303109,0.30198668777937815,0.19437545673725934,0.10050378152592124,1.0852896089770394,0.3626446071722439
88,0.9283519665177499,0.35061129877441605,0.9930724693057045,0.060794404314538655,0.1011249851731145,0.29486343354923555,0.1996840939427509,0.09692233691951196,1.073286277906987,0.35992563766209357
89,0.923114512961639,0.32507341828074365,0.9903391929898145,0.04191140246479062,0.10504448312188237,0.2700467598866028,0.19479074501483468,0.08487066809581685,1.0588057881262725,0.36570120827989305
90,0.9268802893076703,0.3109110106857854,0.9900204058707093,0.04793724854411023,0.08127146181194544,0.2633812768017062,0.18328925089854425,0.08851182652246779,1.0421927156556299,0.37251398184050305
91,0.9319096284273252,0.30273333933921903,0.9912236086899071,0.047947783045620564,0.08415353933031092,0.26111648393354675,0.16888224335676066,0.09187167158816714,1.0264556060108547,0.3739969750863466
92,0.9302785506600599,0.28784114586439036,0.9903799903332686,0.04507009131689364,0.08896713727636467,0.25074434644220245,0.16221634139056834,0.09062632792478859,1.014154372326566,0.37777124177352506
93,0.9395093282015766,0.2681379864882628,0.9943654389924392,0.04191140246479062,0.08072274534579219,0.23673707872752936,0.15471054758921107,0.08408749651825216,1.0049795213753554,0.37946799548309684
94,0.9311549253209666,0.2463880490345883,0.9900433619725243,0.031446603773522014,0.0744271048704297,0.21664102412362563,0.1399855692418315,0.08137703743822469,0.9999368666939615,0.3835756809683103
95,0.9207874320110451,0.24866512307588176,0.9795917517006766,0.045792681696639005,0.07713951678941898,0.2105188395801711,0.13752502068035227,0.08645662192537638,0.9893085025063278,0.3814591866911991
96,0.9065975909515709,0.24748431232804405,0.9740574309494686,0.03949172013974524,0.07974707492814995,0.20474176886798628,0.13387767671733894,0.08487066809581685,0.9846621735192207,0.3784551265715433
97,0.9035614159110782,0.23960405048767647,0.9649509329651448,0.03450955072018601,0.06963106238227915,0.1953913451967046,0.11997895438346465,0.08851182652246779,0.9811866655877834,0.3762333254132536
98,0.9020179397530648,0.24502318999711764,0.9611419975185453,0.045604802157206865,0.0834605090186764,0.1999090702385371,0.12869194287761826,0.08528028654224416,0.9772668545747907,0.378005130636978
99,0.8991999811280058,0.23985685967116538,0.9580973358957351,0.041132945334843116,0.09044781965756875,0.19881212897170691,0.12512216252748973,0.08274946977156258,0.9699192926957553,0.3771450435023425
100,0.8920405616542129,0.20434423323540513,0.9529348605675251,0.028762349126466143,0.06552815726036705,0.18916082623476294,0.11443316606189613,0.0744745906095807,0.9609780371469412,0.381293651251694
101,0.8844395588921458,0.20243717069947426,0.9430532831974526,0.05794459213400123,0.07849596270902193,0.17572648627852883,0.1110964636810022,0.07035264706814484,0.9516047053012692,0.38198180717162566
102,0.8801256797305781,0.1959282490808275,0.9404082500529632,0.03765875486765087,0.0731609544260137,0.16431984086229548,0.11345804190416506,0.07581876316905235,0.9540535529089453,0.38098224991129803
103,0.8766851017764404,0.18613560821740865,0.9334518323043366,0.03588702812826367,0.0643224201765896,0.1625429236238909,0.10576799462440747,0.07305733185227706,0.946279797177058,0.3835822643649645
104,0.8612153732905139,0.18924624544265445,0.9176886864577363,0.04623173950192376,0.07310570733153769,0.15769488503967644,0.0978299906506541,0.06947857747012906,0.9468773773180811,0.38622100754188227
105,0.8519733480917029,0.18783992755492213,0.908884875642519,0.04264014327112209,0.07740096311357561,0.1534123643496623,0.10638219642953287,0.06912877750103699,0.9517893833737748,0.38947128108228823
106,0.8460836694781291,0.19577352407124088,0.9045893091242114,0.04353101761904372,0.08027100562117273,0.15398740601789881,0.105500251328151,0.0669991708074726,0.9483084355255356,0.39045557436865413
107,0.8439924361765527,0.1868910988471169,0.8986381391030012,0.03765875486765087,0.07159792333764037,0.1465564324033165,0.09987365756167876,0.06465916857498309,0.9445275661579832,0.3867437227295448
108,0.8419409993964223,0.19261884695434195,0.8947094782693714,0.041132945334843116,0.06587407638361195,0.1616674476707158,0.10492902844351992,0.0652191333393457,0.9468715100612417,0.3878078770408738
109,0.8434680692464795,0.18807638680261612,0.894878807888577,0.03015113445777636,0.06438520439863918,0.16134222364685918,0.10413666234542207,0.06765181207305297,0.9384793201469248,0.38891717068878
110,0.8348471099367218,0.18072804503625403,0.8905020715270343,0.03949172013974524,0.06479181891241978,0.1534123643496623,0.1066050958662224,0.07260659179246173,0.9315654251925313,0.3945013474391604
111,0.839900787791828,0.19135613843608915,0.8851519301193098,0.041132945334843116,0.07555184185763314,0.1534255322278334,0.11411052590016453,0.06999999999999999,0.9321551004597524,0.3975416883037475
112,0.8322605215661595,0.18587494438330024,0.8833013144568576,0.04264014327112209,0.0731609544260137,0.1528549850827459,0.11502744512208,0.06843119378491277,0.9277598740182633,0.3978274332756185
113,0.8341208400211422,0.18567648632973854,0.880552512501513,0.045792681696639005,0.07316095442601368,0.1562049935181331,0.10550025132815102,0.06371495868001455,0.9243528995076951,0.3976649013143777
114,0.8286992362989267,0.19194643613111012,0.8763209365514347,0.0492365963917331,0.07847022210734311,0.1574127945206103,0.09886221408474206,0.06863753427324668,0.9206162845802497,0.3976433100407978
115,0.8203226761033081,0.20093468459862143,0.8663729105887489,0.04191140246479062,0.07314024165597863,0.1578229413237531,0.10567722918243441,0.06571287406727709,0.9153787095067166,0.3961940143032161
116,0.8138299527046126,0.20193758411644894,0.8639087821282893,0.040339468604243256,0.0744745906095807,0.15602382620431515,0.10251385715643964,0.06889459083603476,0.912315291946371,0.3920111315673667
117,0.8126593083913771,0.20955701232395305,0.8529544613467435,0.05659532050470519,0.08851182652246779,0.15676979197781593,0.09610600208292736,0.06889459083603475,0.8954858734200946,0.392345961538224
118,0.81126600153866,0.20534277821646554,0.8488851869399422,0.03561863092100634,0.08459051693633016,0.15940546104227737,0.10115993936995678,0.06528105515091007,0.8870442349440498,0.39705354192037523
119,0.8055363982396383,0.21134251007702304,0.8427971705618562,0.040251733132897774,0.08468002757856818,0.16017667013821227,0.10155856150094593,0.06159496240715952,0.8739784801918088,0.4004088819285515
120,0.7975062141552012,0.21057880791626288,0.8419649936339697,0.04268749491621899,0.08100380337747211,0.16562096192904757,0.10087996667707458,0.07818005635787947,0.8689776879887207,0.4008879034232776
121,0.7958700213659835,0.21904291355759034,0.8367922156193928,0.04181488788081164,0.08176709965419211,0.17390058694959643,0.10039819709436011,0.07961396760860395,0.8686521545800515,0.4006194698163828
122,0.7936515786431905,0.2235503242555185,0.8361884423448528,0.047947783045620564,0.09898474527915803,0.16899883449481556,0.10274514906585934,0.07282884321503676,0.868689364572407,0.4000643887570039
123,0.7962031109832427,0.2290604437014101,0.8329793187435961,0.0442559132612339,0.08581751840181855,0.17961518911722404,0.09754046039537344,0.08221061889187953,0.862771549991507,0.3978528228966947
124,0.7953298026287554,0.23042341351292733,0.8293870196011197,0.027265992434429072,0.07696253844067466,0.17568336991487404,0.101523744548114,0.07818005635787949,0.8618391187841652,0.3970853405462958
125,0.7938170157822612,0.21996096990790953,0.8292627856576995,0.03765875486765087,0.07577211981602561,0.17434147382349813,0.11035296904831234,0.07808309482192478,0.8545185897346063,0.3999633821623013
126,0.7877977231023535,0.2228919201783862,0.8262462273940064,0.03561863092100634,0.06497085593719788,0.18216154446761884,0.10254833794928915,0.07946157193349132,0.8546220146232999,0.4016078795154409
127,0.7897678983937834,0.22644374064382458,0.8246358241213162,0.032659863237109045,0.059492805778463165,0.188658207327217,0.10859990512859297,0.0806288416201678,0.8561477027294349,0.403645008552432
128,0.7809156759402982,0.22288059039709487,0.8140998623378988,0.03932511470376974,0.061389631605726934,0.19200168349430294,0.11036669824185227,0.09036402251812702,0.8519087303511362,0.40276819911981904
129,0.7753598056920594,0.23496399896171502,0.810209475345354,0.045792681696639005,0.06843119378491276,0.18771351479412351,0.11111919162536574,0.08572330399888264,0.8414003479049349,0.40533811799408886
130,0.7754640187941956,0.2274229806356695,0.8070015583327674,0.03765875486765087,0.06999999999999999,0.18049035341748232,0.10882290311521854,0.0794615719334913,0.837806178014457,0.40932933568277885
131,0.7741342508789016,0.22113344387495978,0.8029013046760511,0.04277023415055066,0.07587203474644431,0.17650936393164968,0.1049290284435199,0.07784989441615228,0.8357540598075779,0.40821859859935855
132,0.7702151083504615,0.2274385253827566,0.79947204801391,0.03074824459143229,0.07900262110470854,0.18712066004089825,0.1064771042871365,0.07232781713361139,0.8342637230492282,0.40678463266664505
133,0.7658994843985861,0.19748673398740002,0.7954415583355403,0.023868325657594204,0.07456269817808339,0.17097167347637773,0.0912538915733062,0.07216703408122581,0.8287754140107481,0.4062640828949872
134,0.7614340537313906,0.18606776217607426,0.7930117759325374,0.03450955072018601,0.06674994798166928,0.16010097823662175,0.10352865216055804,0.07272474743090476,0.8276893722705984,0.4048431545648016
135,0.7597308135720895,0.18569824550554698,0.788249563106364,0.03859920970562726,0.05558685986722932,0.16817499303650432,0.09797958971132711,0.07687718133556283,0.8321785938854784,0.4066058076666919
136,0.7646719769438608,0.1668362773330292,0.7924715206940316,0.031446603773522014,0.05545040554177647,0.14844650092327413,0.0966300871228715,0.061389631605726934,0.8279218232747253,0.4085895918222276
137,0.7597680400934713,0.16757329166907264,0.7882335448406906,0.03265986323710904,0.056666666666666664,0.14305116694258863,0.09885710532241612,0.07282884321503674,0.8258720521150031,0.41234853356270496
138,0.7600531613517624,0.1653004610527219,0.788298256635229,0.034509550720186015,0.0625630994607957,0.1345249779668062,0.08772661851433462,0.071201804539611,0.8250399439366006,0.40811342253908495
139,0.7645286393615615,0.16048852188416982,0.7867873559192111,0.023868325657594204,0.05699548094792121,0.13169830843425606,0.08453676505795953,0.07247430753394787,0.8230492700987597,0.4095069713642975
140,0.7635642101554414,0.1592279352172079,0.7845548181142366,0.031446603773522014,0.05412294272573258,0.13926212476455826,0.08430344421831593,0.07106690545187014,0.8195219103942015,0.40800079223531716
141,0.7595852137645236,0.15471054758921104,0.7827715587138517,0.028762349126466143,0.05096047190685833,0.13874982937472444,0.08309663353620593,0.07272474743090476,0.8169535674156343,0.4095032714068707
142,0.7641486977828545,0.15102010034121519,0.7830753927349976,0.028762349126466136,0.051404515778521266,0.13772685601830484,0.09036402251812702,0.07474535896541462,0.8147001679368694,0.4121880516208469
143,0.755779749863034,0.15359661191549503,0.778366588089793,0.029318866956210287,0.055194788218315013,0.13669992204412074,0.09438262980061961,0.07038135657640703,0.8109422129395366,0.413043642373358
144,0.7595180555903045,0.1495413864541394,0.7791597390714557,0.02564323999762428,0.04983812179284432,0.13065491598369758,0.09683892697555968,0.06256309946079569,0.8072018009610407,0.41791207813427106
145,0.7613723653954605,0.13489988805769929,0.7747759532779639,0.03684529491774706,0.05869799439039247,0.10859525446781408,0.09263810329350541,0.04793724854411023,0.7969639359164975,0.4185822632543227
146,0.7562774329275967,0.1311025506535963,0.7744264740027704,0.0238683256575942,0.05558685986722932,0.11414592822038341,0.08791065253018446,0.051404515778521266,0.797397281311157,0.4212966995965065
147,0.7535310815813048,0.12576633777434926,0.7748437444303389,0.03074824459143229,0.051404515778521266,0.10777361233229363,0.08675403521602107,0.04793724854411023,0.7951183127768667,0.42020197163946876
148,0.7555210924998198,0.12309149097933272,0.7709858571460256,0.0238683256575942,0.04333333333333333,0.10683225783035437,0.07717224601860151,0.0519809599951771,0.7956802565773959,0.41438283182720215
149,0.7563408723264368,0.11915527599724571,0.7691658869295762,0.021904291355759033,0.04648231987117318,0.1017572869849892,0.0744745906095807,0.04264014327112209,0.7942590728140754,0.4201202329107825
150,0.7476400581601126,0.1165843865700686,0.76542653323345,0.028762349126466143,0.04623173950192375,0.09898474527915803,0.07159792333764037,0.04836728170358491,0.7901540573479544,0.4161815357594215
151,0.7470960615961814,0.12294369245777319,0.7610963649681141,0.027779797906341424,0.04836728170358491,0.10122482228418409,0.07174590404667537,0.047140452079103175,0.7885519268977417,0.4186510323272675
152,0.7410175913614134,0.12465710545088851,0.7584267341748385,0.0238683256575942,0.04277023415055066,0.10977939310961393,0.06890192121758833,0.047140452079103175,0.789386668959714,0.4180993550665567
153,0.727716089605491,0.12956414892580698,0.7547900905603363,0.038349798835288176,0.05148305595538255,0.1140396882889922,0.07452882297839845,0.047140452079103175,0.7852240238790251,0.4228558509788776
154,0.7283189444525556,0.12864484035317914,0.7532662882474569,0.028762349126466143,0.05617433182117572,0.11062722919057422,0.07709367252527502,0.047140452079103175,0.7814380682724987,0.4356534625065425
155,0.7378675252702784,0.13188225541341525,0.7533755686739168,0.032082595426382345,0.05945883900105633,0.10852081678999508,0.07967104083338404,0.04983812179284432,0.7817844131772318,0.441094827066297
156,0.7277271938624176,0.12940813207238813,0.7485548366247748,0.03561863092100634,0.05595813731096784,0.10317681205316698,0.07703468981143129,0.0442559132612339,0.7794552617376478,0.44218351690928354
157,0.7257312578261037,0.12330056894852637,0.7447296302835159,0.021904291355759033,0.05049252369900864,0.09502259167846838,0.06528105515091007,0.0442559132612339,0.7707296818108424,0.44055061966231357
158,0.7201318622237867,0.12101840581272975,0.7420766657009084,0.026111648393354676,0.04560480215720687,0.09906634854551474,0.05993262210114949,0.040936018074033236,0.7705507672103667,0.4426002140701578
159,0.7234729651570481,0.11890068854877896,0.7448537243694702,0.0238683256575942,0.041145221993924064,0.1044465935734187,0.055732042902271274,0.04845074558223792,0.7741557800063057,0.43877239215932
160,0.7213420433014724,0.11752927853573895,0.7447974438216288,0.01714466079977653,0.034509550720186015,0.10798428617445255,0.05800557270337449,0.055194788218315013,0.7745966692414834,0.4397611840418604
161,0.710989494019469,0.12792042981336627,0.7409051248577001,0.03732196796699356,0.05373898759633259,0.10179698552818872,0.06321360293449184,0.05595813731096784,0.771594178151686,0.4388449025394376
162,0.7112260008200096,0.12546479243761632,0.7421637762024436,0.027265992434429072,0.05558685986722932,0.09885710532241612,0.05441145155760927,0.05737524894864676,0.7695538521202603,0.44496169395905205
163,0.7176525987727297,0.12947446220639947,0.7423930729387732,0.02564323999762428,0.04836728170358491,0.10552418459933029,0.055732042902271274,0.056595320504705185,0.768046189688452,0.4454030067072273
164,0.7143521469828378,0.13025228046240328,0.7411940952737595,0.02564323999762428,0.0552679423766206,0.1011249851731145,0.05924610544247623,0.06043612539305654,0.7593318434550526,0.4461779325277613
165,0.7180107199334798,0.12752104203470171,0.7423794668006873,0.02564323999762428,0.04893822120745191,0.10928602080519882,0.0625630994607957,0.058740999740428755,0.7582569059056008,0.44786699865568186
166,0.7096734204099542,0.1144331660618961,0.7377682699886329,0.02564323999762428,0.039427724440366255,0.10384039812533599,0.05839607015973773,0.04948216697442472,0.7533923280734944,0.4523909545488015
167,0.7083655964131929,0.10588730430094635,0.7343959243741578,0.021904291355759033,0.03684529491774706,0.09704731741878195,0.06723244767373877,0.04020151261036849,0.7529571332051012,0.45540081136280264
168,0.7024308442181983,0.10542841891611347,0.7342824436623193,0.026111648393354676,0.0443129367525598,0.0915633026044735,0.0680092091209163,0.041145221993924064,0.7490492290061767,0.4565250831171837
169,0.7007672562803913,0.10859990512859297,0.7317917681411783,0.02611164839335468,0.045781651302236756,0.09217352980091191,0.06931118527366562,0.041145221993924064,0.7409323910322778,0.4605267076781199
170,0.7051069121599629,0.1050060123338784,0.7308497890410958,0.027779797906341424,0.04793724854411023,0.0872185227292386,0.06994947671662236,0.040339468604243256,0.7389119765512732,0.4615914499497003
171,0.7003455135744344,0.10891568419023161,0.7312995213310276,0.02564323999762428,0.055048188256318034,0.08706203523808743,0.06723244767373876,0.045604802157206865,0.7379359694102836,0.4605047735525078
172,0.6962061693945482,0.1082971967701973,0.7271995543997478,0.023868325657594204,0.05124707431905383,0.09173413495069062,0.06723244767373875,0.04264014327112209,0.7410468980101765,0.45501803716052197
173,0.6889158515414276,0.11483849001044374,0.7171943089342501,0.034509550720186015,0.055732042902271274,0.08950481054731703,0.058396070159737724,0.04191140246479062,0.7396224808247882,0.45830054979172125
174,0.6810353081221934,0.12151817422372121,0.7144793965404517,0.027265992434429072,0.058740999740428755,0.08721852272923859,0.06231234454607115,0.03861229196653691,0.7344866963197544,0.46023709304898686
175,0.6880884075216327,0.12091820425896227,0.7127092994023198,0.01714466079977653,0.0552679423766206,0.08977525248973663,0.058396070159737724,0.040339468604243256,0.7339529063140692,0.4628098197887868
176,0.6862362581649283,0.11891767800211264,0.7122442833690693,0.023868325657594204,0.05124707431905382,0.09534625892455922,0.05595813731096784,0.03666666666666667,0.7325746764430616,0.46616748193339397
177,0.6788842599323086,0.12656694639277635,0.7073181673751847,0.029318866956210284,0.0442559132612339,0.10249414863810764,0.05737524894864676,0.03666666666666667,0.7321057217907725,0.4659344905616556
178,0.6764218097063878,0.1336209020121682,0.7041464494139145,0.030748244591432293,0.04776838056516237,0.10626344240574552,0.06971080231639828,0.03765875486765087,0.7315432697766793,0.46494378936891634
179,0.6644843067668295,0.14428857168602063,0.6994449458844008,0.029318866956210287,0.05318160234783105,0.11776967763264434,0.0759053104968036,0.03666666666666667,0.7318166133366717,0.468808935688963
